country_code,country_name,indicator_id,indicator_name,index_id,index_name,value,year
#country+code,#country+name,#indicator+id,#indicator+name,#index+id,#index+name,#indicator+value+num,#date+year
CAN,Canada,abr,"Adolescent Birth Rate (births per 1,000 women ages 15-19)",GII,Gender Inequality Index,27.61,1990
CAN,Canada,abr,"Adolescent Birth Rate (births per 1,000 women ages 15-19)",GII,Gender Inequality Index,26.658,1991
CAN,Canada,abr,"Adolescent Birth Rate (births per 1,000 women ages 15-19)",GII,Gender Inequality Index,26.245,1992
CAN,Canada,abr,"Adolescent Birth Rate (births per 1,000 women ages 15-19)",GII,Gender Inequality Index,25.498,1993
CAN,Canada,abr,"Adolescent Birth Rate (births per 1,000 women ages 15-19)",GII,Gender Inequality Index,25.47,1994
CAN,Canada,abr,"Adolescent Birth Rate (births per 1,000 women ages 15-19)",GII,Gender Inequality Index,24.651,1995
CAN,Canada,abr,"Adolescent Birth Rate (births per 1,000 women ages 15-19)",GII,Gender Inequality Index,22.72,1996
CAN,Canada,abr,"Adolescent Birth Rate (births per 1,000 women ages 15-19)",GII,Gender Inequality Index,20.555,1997
CAN,Canada,abr,"Adolescent Birth Rate (births per 1,000 women ages 15-19)",GII,Gender Inequality Index,20.158,1998
CAN,Canada,abr,"Adolescent Birth Rate (births per 1,000 women ages 15-19)",GII,Gender Inequality Index,19.119,1999
CAN,Canada,abr,"Adolescent Birth Rate (births per 1,000 women ages 15-19)",GII,Gender Inequality Index,17.452,2000
CAN,Canada,abr,"Adolescent Birth Rate (births per 1,000 women ages 15-19)",GII,Gender Inequality Index,16.495,2001
CAN,Canada,abr,"Adolescent Birth Rate (births per 1,000 women ages 15-19)",GII,Gender Inequality Index,15.407,2002
CAN,Canada,abr,"Adolescent Birth Rate (births per 1,000 women ages 15-19)",GII,Gender Inequality Index,14.856,2003
CAN,Canada,abr,"Adolescent Birth Rate (births per 1,000 women ages 15-19)",GII,Gender Inequality Index,13.945,2004
CAN,Canada,abr,"Adolescent Birth Rate (births per 1,000 women ages 15-19)",GII,Gender Inequality Index,13.475,2005
CAN,Canada,abr,"Adolescent Birth Rate (births per 1,000 women ages 15-19)",GII,Gender Inequality Index,13.66,2006
CAN,Canada,abr,"Adolescent Birth Rate (births per 1,000 women ages 15-19)",GII,Gender Inequality Index,14.163,2007
CAN,Canada,abr,"Adolescent Birth Rate (births per 1,000 women ages 15-19)",GII,Gender Inequality Index,14.606,2008
CAN,Canada,abr,"Adolescent Birth Rate (births per 1,000 women ages 15-19)",GII,Gender Inequality Index,14.636,2009
CAN,Canada,abr,"Adolescent Birth Rate (births per 1,000 women ages 15-19)",GII,Gender Inequality Index,13.964,2010
CAN,Canada,abr,"Adolescent Birth Rate (births per 1,000 women ages 15-19)",GII,Gender Inequality Index,13.02,2011
CAN,Canada,abr,"Adolescent Birth Rate (births per 1,000 women ages 15-19)",GII,Gender Inequality Index,12.556,2012
CAN,Canada,abr,"Adolescent Birth Rate (births per 1,000 women ages 15-19)",GII,Gender Inequality Index,11.665,2013
CAN,Canada,abr,"Adolescent Birth Rate (births per 1,000 women ages 15-19)",GII,Gender Inequality Index,10.859,2014
CAN,Canada,abr,"Adolescent Birth Rate (births per 1,000 women ages 15-19)",GII,Gender Inequality Index,9.685,2015
CAN,Canada,abr,"Adolescent Birth Rate (births per 1,000 women ages 15-19)",GII,Gender Inequality Index,8.607,2016
CAN,Canada,abr,"Adolescent Birth Rate (births per 1,000 women ages 15-19)",GII,Gender Inequality Index,8.054,2017
CAN,Canada,abr,"Adolescent Birth Rate (births per 1,000 women ages 15-19)",GII,Gender Inequality Index,7.094,2018
CAN,Canada,abr,"Adolescent Birth Rate (births per 1,000 women ages 15-19)",GII,Gender Inequality Index,6.888,2019
CAN,Canada,abr,"Adolescent Birth Rate (births per 1,000 women ages 15-19)",GII,Gender Inequality Index,6.985,2020
CAN,Canada,abr,"Adolescent Birth Rate (births per 1,000 women ages 15-19)",GII,Gender Inequality Index,6.978,2021
CAN,Canada,abr,"Adolescent Birth Rate (births per 1,000 women ages 15-19)",GII,Gender Inequality Index,6.618,2022
CAN,Canada,co2_prod,Carbon dioxide emissions per capita (production) (tonnes),PHDI,Planetary pressures–adjusted Human Development Index,16.578,1990
CAN,Canada,co2_prod,Carbon dioxide emissions per capita (production) (tonnes),PHDI,Planetary pressures–adjusted Human Development Index,16.068,1991
CAN,Canada,co2_prod,Carbon dioxide emissions per capita (production) (tonnes),PHDI,Planetary pressures–adjusted Human Development Index,16.369,1992
CAN,Canada,co2_prod,Carbon dioxide emissions per capita (production) (tonnes),PHDI,Planetary pressures–adjusted Human Development Index,16.205,1993
CAN,Canada,co2_prod,Carbon dioxide emissions per capita (production) (tonnes),PHDI,Planetary pressures–adjusted Human Development Index,16.529,1994
CAN,Canada,co2_prod,Carbon dioxide emissions per capita (production) (tonnes),PHDI,Planetary pressures–adjusted Human Development Index,16.792,1995
CAN,Canada,co2_prod,Carbon dioxide emissions per capita (production) (tonnes),PHDI,Planetary pressures–adjusted Human Development Index,17.172,1996
CAN,Canada,co2_prod,Carbon dioxide emissions per capita (production) (tonnes),PHDI,Planetary pressures–adjusted Human Development Index,17.488,1997
CAN,Canada,co2_prod,Carbon dioxide emissions per capita (production) (tonnes),PHDI,Planetary pressures–adjusted Human Development Index,17.591,1998
CAN,Canada,co2_prod,Carbon dioxide emissions per capita (production) (tonnes),PHDI,Planetary pressures–adjusted Human Development Index,17.911,1999
CAN,Canada,co2_prod,Carbon dioxide emissions per capita (production) (tonnes),PHDI,Planetary pressures–adjusted Human Development Index,18.482,2000
CAN,Canada,co2_prod,Carbon dioxide emissions per capita (production) (tonnes),PHDI,Planetary pressures–adjusted Human Development Index,18.035,2001
CAN,Canada,co2_prod,Carbon dioxide emissions per capita (production) (tonnes),PHDI,Planetary pressures–adjusted Human Development Index,18.018,2002
CAN,Canada,co2_prod,Carbon dioxide emissions per capita (production) (tonnes),PHDI,Planetary pressures–adjusted Human Development Index,18.388,2003
CAN,Canada,co2_prod,Carbon dioxide emissions per capita (production) (tonnes),PHDI,Planetary pressures–adjusted Human Development Index,18.165,2004
CAN,Canada,co2_prod,Carbon dioxide emissions per capita (production) (tonnes),PHDI,Planetary pressures–adjusted Human Development Index,17.841,2005
CAN,Canada,co2_prod,Carbon dioxide emissions per capita (production) (tonnes),PHDI,Planetary pressures–adjusted Human Development Index,17.478,2006
CAN,Canada,co2_prod,Carbon dioxide emissions per capita (production) (tonnes),PHDI,Planetary pressures–adjusted Human Development Index,18.068,2007
CAN,Canada,co2_prod,Carbon dioxide emissions per capita (production) (tonnes),PHDI,Planetary pressures–adjusted Human Development Index,17.364,2008
CAN,Canada,co2_prod,Carbon dioxide emissions per capita (production) (tonnes),PHDI,Planetary pressures–adjusted Human Development Index,16.198,2009
CAN,Canada,co2_prod,Carbon dioxide emissions per capita (production) (tonnes),PHDI,Planetary pressures–adjusted Human Development Index,16.372,2010
CAN,Canada,co2_prod,Carbon dioxide emissions per capita (production) (tonnes),PHDI,Planetary pressures–adjusted Human Development Index,16.468,2011
CAN,Canada,co2_prod,Carbon dioxide emissions per capita (production) (tonnes),PHDI,Planetary pressures–adjusted Human Development Index,16.309,2012
CAN,Canada,co2_prod,Carbon dioxide emissions per capita (production) (tonnes),PHDI,Planetary pressures–adjusted Human Development Index,16.243,2013
CAN,Canada,co2_prod,Carbon dioxide emissions per capita (production) (tonnes),PHDI,Planetary pressures–adjusted Human Development Index,15.997,2014
CAN,Canada,co2_prod,Carbon dioxide emissions per capita (production) (tonnes),PHDI,Planetary pressures–adjusted Human Development Index,15.971,2015
CAN,Canada,co2_prod,Carbon dioxide emissions per capita (production) (tonnes),PHDI,Planetary pressures–adjusted Human Development Index,15.443,2016
CAN,Canada,co2_prod,Carbon dioxide emissions per capita (production) (tonnes),PHDI,Planetary pressures–adjusted Human Development Index,15.502,2017
CAN,Canada,co2_prod,Carbon dioxide emissions per capita (production) (tonnes),PHDI,Planetary pressures–adjusted Human Development Index,15.582,2018
CAN,Canada,co2_prod,Carbon dioxide emissions per capita (production) (tonnes),PHDI,Planetary pressures–adjusted Human Development Index,15.420,2019
CAN,Canada,co2_prod,Carbon dioxide emissions per capita (production) (tonnes),PHDI,Planetary pressures–adjusted Human Development Index,13.800,2020
CAN,Canada,co2_prod,Carbon dioxide emissions per capita (production) (tonnes),PHDI,Planetary pressures–adjusted Human Development Index,14.079,2021
CAN,Canada,co2_prod,Carbon dioxide emissions per capita (production) (tonnes),PHDI,Planetary pressures–adjusted Human Development Index,14.079,2022
CAN,Canada,coef_ineq,Coefficient of human inequality,IHDI,Inequality-adjusted Human Development Index,8.479,2010
CAN,Canada,coef_ineq,Coefficient of human inequality,IHDI,Inequality-adjusted Human Development Index,8.126,2011
CAN,Canada,coef_ineq,Coefficient of human inequality,IHDI,Inequality-adjusted Human Development Index,8.420,2012
CAN,Canada,coef_ineq,Coefficient of human inequality,IHDI,Inequality-adjusted Human Development Index,8.566,2013
CAN,Canada,coef_ineq,Coefficient of human inequality,IHDI,Inequality-adjusted Human Development Index,8.151,2014
CAN,Canada,coef_ineq,Coefficient of human inequality,IHDI,Inequality-adjusted Human Development Index,8.420,2015
CAN,Canada,coef_ineq,Coefficient of human inequality,IHDI,Inequality-adjusted Human Development Index,8.010,2016
CAN,Canada,coef_ineq,Coefficient of human inequality,IHDI,Inequality-adjusted Human Development Index,8.146,2017
CAN,Canada,coef_ineq,Coefficient of human inequality,IHDI,Inequality-adjusted Human Development Index,7.851,2018
CAN,Canada,coef_ineq,Coefficient of human inequality,IHDI,Inequality-adjusted Human Development Index,7.536,2019
CAN,Canada,coef_ineq,Coefficient of human inequality,IHDI,Inequality-adjusted Human Development Index,7.504,2020
CAN,Canada,coef_ineq,Coefficient of human inequality,IHDI,Inequality-adjusted Human Development Index,7.467,2021
CAN,Canada,coef_ineq,Coefficient of human inequality,IHDI,Inequality-adjusted Human Development Index,7.441,2022
CAN,Canada,diff_hdi_phdi,Difference from HDI value (%),PHDI,Planetary pressures–adjusted Human Development Index,22.880,1990
CAN,Canada,diff_hdi_phdi,Difference from HDI value (%),PHDI,Planetary pressures–adjusted Human Development Index,21.850,1991
CAN,Canada,diff_hdi_phdi,Difference from HDI value (%),PHDI,Planetary pressures–adjusted Human Development Index,22.094,1992
CAN,Canada,diff_hdi_phdi,Difference from HDI value (%),PHDI,Planetary pressures–adjusted Human Development Index,21.684,1993
CAN,Canada,diff_hdi_phdi,Difference from HDI value (%),PHDI,Planetary pressures–adjusted Human Development Index,22.108,1994
CAN,Canada,diff_hdi_phdi,Difference from HDI value (%),PHDI,Planetary pressures–adjusted Human Development Index,20.753,1995
CAN,Canada,diff_hdi_phdi,Difference from HDI value (%),PHDI,Planetary pressures–adjusted Human Development Index,21.25,1996
CAN,Canada,diff_hdi_phdi,Difference from HDI value (%),PHDI,Planetary pressures–adjusted Human Development Index,22.5,1997
CAN,Canada,diff_hdi_phdi,Difference from HDI value (%),PHDI,Planetary pressures–adjusted Human Development Index,22.386,1998
CAN,Canada,diff_hdi_phdi,Difference from HDI value (%),PHDI,Planetary pressures–adjusted Human Development Index,22.624,1999
CAN,Canada,diff_hdi_phdi,Difference from HDI value (%),PHDI,Planetary pressures–adjusted Human Development Index,23.371,2000
CAN,Canada,diff_hdi_phdi,Difference from HDI value (%),PHDI,Planetary pressures–adjusted Human Development Index,22.284,2001
CAN,Canada,diff_hdi_phdi,Difference from HDI value (%),PHDI,Planetary pressures–adjusted Human Development Index,22.905,2002
CAN,Canada,diff_hdi_phdi,Difference from HDI value (%),PHDI,Planetary pressures–adjusted Human Development Index,23.857,2003
CAN,Canada,diff_hdi_phdi,Difference from HDI value (%),PHDI,Planetary pressures–adjusted Human Development Index,24.972,2004
CAN,Canada,diff_hdi_phdi,Difference from HDI value (%),PHDI,Planetary pressures–adjusted Human Development Index,25.803,2005
CAN,Canada,diff_hdi_phdi,Difference from HDI value (%),PHDI,Planetary pressures–adjusted Human Development Index,26.461,2006
CAN,Canada,diff_hdi_phdi,Difference from HDI value (%),PHDI,Planetary pressures–adjusted Human Development Index,26.571,2007
CAN,Canada,diff_hdi_phdi,Difference from HDI value (%),PHDI,Planetary pressures–adjusted Human Development Index,25.303,2008
CAN,Canada,diff_hdi_phdi,Difference from HDI value (%),PHDI,Planetary pressures–adjusted Human Development Index,25.385,2009
CAN,Canada,diff_hdi_phdi,Difference from HDI value (%),PHDI,Planetary pressures–adjusted Human Development Index,25.576,2010
CAN,Canada,diff_hdi_phdi,Difference from HDI value (%),PHDI,Planetary pressures–adjusted Human Development Index,26.368,2011
CAN,Canada,diff_hdi_phdi,Difference from HDI value (%),PHDI,Planetary pressures–adjusted Human Development Index,26.493,2012
CAN,Canada,diff_hdi_phdi,Difference from HDI value (%),PHDI,Planetary pressures–adjusted Human Development Index,26.652,2013
CAN,Canada,diff_hdi_phdi,Difference from HDI value (%),PHDI,Planetary pressures–adjusted Human Development Index,25.622,2014
CAN,Canada,diff_hdi_phdi,Difference from HDI value (%),PHDI,Planetary pressures–adjusted Human Development Index,24.703,2015
CAN,Canada,diff_hdi_phdi,Difference from HDI value (%),PHDI,Planetary pressures–adjusted Human Development Index,23.815,2016
CAN,Canada,diff_hdi_phdi,Difference from HDI value (%),PHDI,Planetary pressures–adjusted Human Development Index,24.220,2017
CAN,Canada,diff_hdi_phdi,Difference from HDI value (%),PHDI,Planetary pressures–adjusted Human Development Index,23.226,2018
CAN,Canada,diff_hdi_phdi,Difference from HDI value (%),PHDI,Planetary pressures–adjusted Human Development Index,22.639,2019
CAN,Canada,diff_hdi_phdi,Difference from HDI value (%),PHDI,Planetary pressures–adjusted Human Development Index,22.522,2020
CAN,Canada,diff_hdi_phdi,Difference from HDI value (%),PHDI,Planetary pressures–adjusted Human Development Index,22.163,2021
CAN,Canada,diff_hdi_phdi,Difference from HDI value (%),PHDI,Planetary pressures–adjusted Human Development Index,22.353,2022
CAN,Canada,eys,Expected Years of Schooling (years),HDI,Human Development Index,16.690,1990
CAN,Canada,eys,Expected Years of Schooling (years),HDI,Human Development Index,16.970,1991
CAN,Canada,eys,Expected Years of Schooling (years),HDI,Human Development Index,17.106,1992
CAN,Canada,eys,Expected Years of Schooling (years),HDI,Human Development Index,16.728,1993
CAN,Canada,eys,Expected Years of Schooling (years),HDI,Human Development Index,16.887,1994
CAN,Canada,eys,Expected Years of Schooling (years),HDI,Human Development Index,16.873,1995
CAN,Canada,eys,Expected Years of Schooling (years),HDI,Human Development Index,16.833,1996
CAN,Canada,eys,Expected Years of Schooling (years),HDI,Human Development Index,16.363,1997
CAN,Canada,eys,Expected Years of Schooling (years),HDI,Human Development Index,15.892,1998
CAN,Canada,eys,Expected Years of Schooling (years),HDI,Human Development Index,15.808,1999
CAN,Canada,eys,Expected Years of Schooling (years),HDI,Human Development Index,15.759,2000
CAN,Canada,eys,Expected Years of Schooling (years),HDI,Human Development Index,15.680,2001
CAN,Canada,eys,Expected Years of Schooling (years),HDI,Human Development Index,15.600,2002
CAN,Canada,eys,Expected Years of Schooling (years),HDI,Human Development Index,15.520,2003
CAN,Canada,eys,Expected Years of Schooling (years),HDI,Human Development Index,15.440,2004
CAN,Canada,eys,Expected Years of Schooling (years),HDI,Human Development Index,15.361,2005
CAN,Canada,eys,Expected Years of Schooling (years),HDI,Human Development Index,15.281,2006
CAN,Canada,eys,Expected Years of Schooling (years),HDI,Human Development Index,15.201,2007
CAN,Canada,eys,Expected Years of Schooling (years),HDI,Human Development Index,15.236,2008
CAN,Canada,eys,Expected Years of Schooling (years),HDI,Human Development Index,15.310,2009
CAN,Canada,eys,Expected Years of Schooling (years),HDI,Human Development Index,15.177,2010
CAN,Canada,eys,Expected Years of Schooling (years),HDI,Human Development Index,15.243,2011
CAN,Canada,eys,Expected Years of Schooling (years),HDI,Human Development Index,15.727,2012
CAN,Canada,eys,Expected Years of Schooling (years),HDI,Human Development Index,15.827,2013
CAN,Canada,eys,Expected Years of Schooling (years),HDI,Human Development Index,15.876,2014
CAN,Canada,eys,Expected Years of Schooling (years),HDI,Human Development Index,15.953,2015
CAN,Canada,eys,Expected Years of Schooling (years),HDI,Human Development Index,15.933,2016
CAN,Canada,eys,Expected Years of Schooling (years),HDI,Human Development Index,15.999,2017
CAN,Canada,eys,Expected Years of Schooling (years),HDI,Human Development Index,15.934,2018
CAN,Canada,eys,Expected Years of Schooling (years),HDI,Human Development Index,15.933,2019
CAN,Canada,eys,Expected Years of Schooling (years),HDI,Human Development Index,15.945,2020
CAN,Canada,eys,Expected Years of Schooling (years),HDI,Human Development Index,15.961,2021
CAN,Canada,eys,Expected Years of Schooling (years),HDI,Human Development Index,15.961,2022
CAN,Canada,eys_f,"Expected Years of Schooling, female (years)",GDI,Gender Development Index,17.162,1990
CAN,Canada,eys_f,"Expected Years of Schooling, female (years)",GDI,Gender Development Index,17.439,1991
CAN,Canada,eys_f,"Expected Years of Schooling, female (years)",GDI,Gender Development Index,17.587,1992
CAN,Canada,eys_f,"Expected Years of Schooling, female (years)",GDI,Gender Development Index,17.025,1993
CAN,Canada,eys_f,"Expected Years of Schooling, female (years)",GDI,Gender Development Index,17.170,1994
CAN,Canada,eys_f,"Expected Years of Schooling, female (years)",GDI,Gender Development Index,17.200,1995
CAN,Canada,eys_f,"Expected Years of Schooling, female (years)",GDI,Gender Development Index,17.187,1996
CAN,Canada,eys_f,"Expected Years of Schooling, female (years)",GDI,Gender Development Index,16.694,1997
CAN,Canada,eys_f,"Expected Years of Schooling, female (years)",GDI,Gender Development Index,16.200,1998
CAN,Canada,eys_f,"Expected Years of Schooling, female (years)",GDI,Gender Development Index,16.227,1999
CAN,Canada,eys_f,"Expected Years of Schooling, female (years)",GDI,Gender Development Index,16.177,2000
CAN,Canada,eys_f,"Expected Years of Schooling, female (years)",GDI,Gender Development Index,16.094,2001
CAN,Canada,eys_f,"Expected Years of Schooling, female (years)",GDI,Gender Development Index,16.010,2002
CAN,Canada,eys_f,"Expected Years of Schooling, female (years)",GDI,Gender Development Index,15.926,2003
CAN,Canada,eys_f,"Expected Years of Schooling, female (years)",GDI,Gender Development Index,15.843,2004
CAN,Canada,eys_f,"Expected Years of Schooling, female (years)",GDI,Gender Development Index,15.759,2005
CAN,Canada,eys_f,"Expected Years of Schooling, female (years)",GDI,Gender Development Index,15.675,2006
CAN,Canada,eys_f,"Expected Years of Schooling, female (years)",GDI,Gender Development Index,15.592,2007
CAN,Canada,eys_f,"Expected Years of Schooling, female (years)",GDI,Gender Development Index,15.646,2008
CAN,Canada,eys_f,"Expected Years of Schooling, female (years)",GDI,Gender Development Index,15.734,2009
CAN,Canada,eys_f,"Expected Years of Schooling, female (years)",GDI,Gender Development Index,15.580,2010
CAN,Canada,eys_f,"Expected Years of Schooling, female (years)",GDI,Gender Development Index,15.661,2011
CAN,Canada,eys_f,"Expected Years of Schooling, female (years)",GDI,Gender Development Index,16.195,2012
CAN,Canada,eys_f,"Expected Years of Schooling, female (years)",GDI,Gender Development Index,16.327,2013
CAN,Canada,eys_f,"Expected Years of Schooling, female (years)",GDI,Gender Development Index,16.399,2014
CAN,Canada,eys_f,"Expected Years of Schooling, female (years)",GDI,Gender Development Index,16.521,2015
CAN,Canada,eys_f,"Expected Years of Schooling, female (years)",GDI,Gender Development Index,16.448,2016
CAN,Canada,eys_f,"Expected Years of Schooling, female (years)",GDI,Gender Development Index,16.511,2017
CAN,Canada,eys_f,"Expected Years of Schooling, female (years)",GDI,Gender Development Index,16.431,2018
CAN,Canada,eys_f,"Expected Years of Schooling, female (years)",GDI,Gender Development Index,16.434,2019
CAN,Canada,eys_f,"Expected Years of Schooling, female (years)",GDI,Gender Development Index,16.473,2020
CAN,Canada,eys_f,"Expected Years of Schooling, female (years)",GDI,Gender Development Index,16.536,2021
CAN,Canada,eys_f,"Expected Years of Schooling, female (years)",GDI,Gender Development Index,16.536,2022
CAN,Canada,eys_m,"Expected Years of Schooling, male (years)",GDI,Gender Development Index,16.236,1990
CAN,Canada,eys_m,"Expected Years of Schooling, male (years)",GDI,Gender Development Index,16.521,1991
CAN,Canada,eys_m,"Expected Years of Schooling, male (years)",GDI,Gender Development Index,16.645,1992
CAN,Canada,eys_m,"Expected Years of Schooling, male (years)",GDI,Gender Development Index,16.443,1993
CAN,Canada,eys_m,"Expected Years of Schooling, male (years)",GDI,Gender Development Index,16.615,1994
CAN,Canada,eys_m,"Expected Years of Schooling, male (years)",GDI,Gender Development Index,16.559,1995
CAN,Canada,eys_m,"Expected Years of Schooling, male (years)",GDI,Gender Development Index,16.495,1996
CAN,Canada,eys_m,"Expected Years of Schooling, male (years)",GDI,Gender Development Index,16.047,1997
CAN,Canada,eys_m,"Expected Years of Schooling, male (years)",GDI,Gender Development Index,15.599,1998
CAN,Canada,eys_m,"Expected Years of Schooling, male (years)",GDI,Gender Development Index,15.412,1999
CAN,Canada,eys_m,"Expected Years of Schooling, male (years)",GDI,Gender Development Index,15.362,2000
CAN,Canada,eys_m,"Expected Years of Schooling, male (years)",GDI,Gender Development Index,15.285,2001
CAN,Canada,eys_m,"Expected Years of Schooling, male (years)",GDI,Gender Development Index,15.208,2002
CAN,Canada,eys_m,"Expected Years of Schooling, male (years)",GDI,Gender Development Index,15.131,2003
CAN,Canada,eys_m,"Expected Years of Schooling, male (years)",GDI,Gender Development Index,15.054,2004
CAN,Canada,eys_m,"Expected Years of Schooling, male (years)",GDI,Gender Development Index,14.977,2005
CAN,Canada,eys_m,"Expected Years of Schooling, male (years)",GDI,Gender Development Index,14.900,2006
CAN,Canada,eys_m,"Expected Years of Schooling, male (years)",GDI,Gender Development Index,14.823,2007
CAN,Canada,eys_m,"Expected Years of Schooling, male (years)",GDI,Gender Development Index,14.839,2008
CAN,Canada,eys_m,"Expected Years of Schooling, male (years)",GDI,Gender Development Index,14.898,2009
CAN,Canada,eys_m,"Expected Years of Schooling, male (years)",GDI,Gender Development Index,14.784,2010
CAN,Canada,eys_m,"Expected Years of Schooling, male (years)",GDI,Gender Development Index,14.833,2011
CAN,Canada,eys_m,"Expected Years of Schooling, male (years)",GDI,Gender Development Index,15.272,2012
CAN,Canada,eys_m,"Expected Years of Schooling, male (years)",GDI,Gender Development Index,15.346,2013
CAN,Canada,eys_m,"Expected Years of Schooling, male (years)",GDI,Gender Development Index,15.376,2014
CAN,Canada,eys_m,"Expected Years of Schooling, male (years)",GDI,Gender Development Index,15.426,2015
CAN,Canada,eys_m,"Expected Years of Schooling, male (years)",GDI,Gender Development Index,15.448,2016
CAN,Canada,eys_m,"Expected Years of Schooling, male (years)",GDI,Gender Development Index,15.515,2017
CAN,Canada,eys_m,"Expected Years of Schooling, male (years)",GDI,Gender Development Index,15.465,2018
CAN,Canada,eys_m,"Expected Years of Schooling, male (years)",GDI,Gender Development Index,15.460,2019
CAN,Canada,eys_m,"Expected Years of Schooling, male (years)",GDI,Gender Development Index,15.445,2020
CAN,Canada,eys_m,"Expected Years of Schooling, male (years)",GDI,Gender Development Index,15.416,2021
CAN,Canada,eys_m,"Expected Years of Schooling, male (years)",GDI,Gender Development Index,15.416,2022
CAN,Canada,gdi_group,GDI Group,GDI,Gender Development Index,1,2022
CAN,Canada,gii_rank,GII Rank,GII,Gender Inequality Index,18,2022
CAN,Canada,gni_pc_f,"Gross National Income Per Capita, female (2017 PPP$)",GDI,Gender Development Index,24759.831,1990
CAN,Canada,gni_pc_f,"Gross National Income Per Capita, female (2017 PPP$)",GDI,Gender Development Index,24229.496,1991
CAN,Canada,gni_pc_f,"Gross National Income Per Capita, female (2017 PPP$)",GDI,Gender Development Index,24143.479,1992
CAN,Canada,gni_pc_f,"Gross National Income Per Capita, female (2017 PPP$)",GDI,Gender Development Index,24647.691,1993
CAN,Canada,gni_pc_f,"Gross National Income Per Capita, female (2017 PPP$)",GDI,Gender Development Index,25444.284,1994
CAN,Canada,gni_pc_f,"Gross National Income Per Capita, female (2017 PPP$)",GDI,Gender Development Index,26004.795,1995
CAN,Canada,gni_pc_f,"Gross National Income Per Capita, female (2017 PPP$)",GDI,Gender Development Index,26237.609,1996
CAN,Canada,gni_pc_f,"Gross National Income Per Capita, female (2017 PPP$)",GDI,Gender Development Index,25882.581,1997
CAN,Canada,gni_pc_f,"Gross National Income Per Capita, female (2017 PPP$)",GDI,Gender Development Index,26803.782,1998
CAN,Canada,gni_pc_f,"Gross National Income Per Capita, female (2017 PPP$)",GDI,Gender Development Index,28118.818,1999
CAN,Canada,gni_pc_f,"Gross National Income Per Capita, female (2017 PPP$)",GDI,Gender Development Index,29590.151,2000
CAN,Canada,gni_pc_f,"Gross National Income Per Capita, female (2017 PPP$)",GDI,Gender Development Index,29970.779,2001
CAN,Canada,gni_pc_f,"Gross National Income Per Capita, female (2017 PPP$)",GDI,Gender Development Index,31019.066,2002
CAN,Canada,gni_pc_f,"Gross National Income Per Capita, female (2017 PPP$)",GDI,Gender Development Index,31642.784,2003
CAN,Canada,gni_pc_f,"Gross National Income Per Capita, female (2017 PPP$)",GDI,Gender Development Index,32787.853,2004
CAN,Canada,gni_pc_f,"Gross National Income Per Capita, female (2017 PPP$)",GDI,Gender Development Index,33716.794,2005
CAN,Canada,gni_pc_f,"Gross National Income Per Capita, female (2017 PPP$)",GDI,Gender Development Index,34472.233,2006
CAN,Canada,gni_pc_f,"Gross National Income Per Capita, female (2017 PPP$)",GDI,Gender Development Index,35045.551,2007
CAN,Canada,gni_pc_f,"Gross National Income Per Capita, female (2017 PPP$)",GDI,Gender Development Index,34876.174,2008
CAN,Canada,gni_pc_f,"Gross National Income Per Capita, female (2017 PPP$)",GDI,Gender Development Index,33987.944,2009
CAN,Canada,gni_pc_f,"Gross National Income Per Capita, female (2017 PPP$)",GDI,Gender Development Index,34658.278,2010
CAN,Canada,gni_pc_f,"Gross National Income Per Capita, female (2017 PPP$)",GDI,Gender Development Index,35591.787,2011
CAN,Canada,gni_pc_f,"Gross National Income Per Capita, female (2017 PPP$)",GDI,Gender Development Index,35939.488,2012
CAN,Canada,gni_pc_f,"Gross National Income Per Capita, female (2017 PPP$)",GDI,Gender Development Index,36628.918,2013
CAN,Canada,gni_pc_f,"Gross National Income Per Capita, female (2017 PPP$)",GDI,Gender Development Index,37160.139,2014
CAN,Canada,gni_pc_f,"Gross National Income Per Capita, female (2017 PPP$)",GDI,Gender Development Index,37322.002,2015
CAN,Canada,gni_pc_f,"Gross National Income Per Capita, female (2017 PPP$)",GDI,Gender Development Index,37509.565,2016
CAN,Canada,gni_pc_f,"Gross National Income Per Capita, female (2017 PPP$)",GDI,Gender Development Index,38271.227,2017
CAN,Canada,gni_pc_f,"Gross National Income Per Capita, female (2017 PPP$)",GDI,Gender Development Index,38869.101,2018
CAN,Canada,gni_pc_f,"Gross National Income Per Capita, female (2017 PPP$)",GDI,Gender Development Index,39505.108,2019
CAN,Canada,gni_pc_f,"Gross National Income Per Capita, female (2017 PPP$)",GDI,Gender Development Index,37380.438,2020
CAN,Canada,gni_pc_f,"Gross National Income Per Capita, female (2017 PPP$)",GDI,Gender Development Index,39339.669,2021
CAN,Canada,gni_pc_f,"Gross National Income Per Capita, female (2017 PPP$)",GDI,Gender Development Index,39765.343,2022
CAN,Canada,gni_pc_m,"Gross National Income Per Capita, male (2017 PPP$)",GDI,Gender Development Index,42098.937,1990
CAN,Canada,gni_pc_m,"Gross National Income Per Capita, male (2017 PPP$)",GDI,Gender Development Index,40616.198,1991
CAN,Canada,gni_pc_m,"Gross National Income Per Capita, male (2017 PPP$)",GDI,Gender Development Index,40355.276,1992
CAN,Canada,gni_pc_m,"Gross National Income Per Capita, male (2017 PPP$)",GDI,Gender Development Index,40982.718,1993
CAN,Canada,gni_pc_m,"Gross National Income Per Capita, male (2017 PPP$)",GDI,Gender Development Index,42274.388,1994
CAN,Canada,gni_pc_m,"Gross National Income Per Capita, male (2017 PPP$)",GDI,Gender Development Index,42896.143,1995
CAN,Canada,gni_pc_m,"Gross National Income Per Capita, male (2017 PPP$)",GDI,Gender Development Index,43122.791,1996
CAN,Canada,gni_pc_m,"Gross National Income Per Capita, male (2017 PPP$)",GDI,Gender Development Index,45921.578,1997
CAN,Canada,gni_pc_m,"Gross National Income Per Capita, male (2017 PPP$)",GDI,Gender Development Index,47021.115,1998
CAN,Canada,gni_pc_m,"Gross National Income Per Capita, male (2017 PPP$)",GDI,Gender Development Index,48870.122,1999
CAN,Canada,gni_pc_m,"Gross National Income Per Capita, male (2017 PPP$)",GDI,Gender Development Index,51179.726,2000
CAN,Canada,gni_pc_m,"Gross National Income Per Capita, male (2017 PPP$)",GDI,Gender Development Index,51196.540,2001
CAN,Canada,gni_pc_m,"Gross National Income Per Capita, male (2017 PPP$)",GDI,Gender Development Index,51940.234,2002
CAN,Canada,gni_pc_m,"Gross National Income Per Capita, male (2017 PPP$)",GDI,Gender Development Index,52066.692,2003
CAN,Canada,gni_pc_m,"Gross National Income Per Capita, male (2017 PPP$)",GDI,Gender Development Index,52929.751,2004
CAN,Canada,gni_pc_m,"Gross National Income Per Capita, male (2017 PPP$)",GDI,Gender Development Index,53986.009,2005
CAN,Canada,gni_pc_m,"Gross National Income Per Capita, male (2017 PPP$)",GDI,Gender Development Index,55045.690,2006
CAN,Canada,gni_pc_m,"Gross National Income Per Capita, male (2017 PPP$)",GDI,Gender Development Index,55541.351,2007
CAN,Canada,gni_pc_m,"Gross National Income Per Capita, male (2017 PPP$)",GDI,Gender Development Index,55621.518,2008
CAN,Canada,gni_pc_m,"Gross National Income Per Capita, male (2017 PPP$)",GDI,Gender Development Index,52671.930,2009
CAN,Canada,gni_pc_m,"Gross National Income Per Capita, male (2017 PPP$)",GDI,Gender Development Index,53431.012,2010
CAN,Canada,gni_pc_m,"Gross National Income Per Capita, male (2017 PPP$)",GDI,Gender Development Index,54442.599,2011
CAN,Canada,gni_pc_m,"Gross National Income Per Capita, male (2017 PPP$)",GDI,Gender Development Index,54799.179,2012
CAN,Canada,gni_pc_m,"Gross National Income Per Capita, male (2017 PPP$)",GDI,Gender Development Index,55475.790,2013
CAN,Canada,gni_pc_m,"Gross National Income Per Capita, male (2017 PPP$)",GDI,Gender Development Index,56554.941,2014
CAN,Canada,gni_pc_m,"Gross National Income Per Capita, male (2017 PPP$)",GDI,Gender Development Index,56422.606,2015
CAN,Canada,gni_pc_m,"Gross National Income Per Capita, male (2017 PPP$)",GDI,Gender Development Index,56403.536,2016
CAN,Canada,gni_pc_m,"Gross National Income Per Capita, male (2017 PPP$)",GDI,Gender Development Index,57273.865,2017
CAN,Canada,gni_pc_m,"Gross National Income Per Capita, male (2017 PPP$)",GDI,Gender Development Index,57514.067,2018
CAN,Canada,gni_pc_m,"Gross National Income Per Capita, male (2017 PPP$)",GDI,Gender Development Index,57794.487,2019
CAN,Canada,gni_pc_m,"Gross National Income Per Capita, male (2017 PPP$)",GDI,Gender Development Index,54381.724,2020
CAN,Canada,gni_pc_m,"Gross National Income Per Capita, male (2017 PPP$)",GDI,Gender Development Index,56632.341,2021
CAN,Canada,gni_pc_m,"Gross National Income Per Capita, male (2017 PPP$)",GDI,Gender Development Index,57229.576,2022
CAN,Canada,gnipc,Gross National Income Per Capita (2017 PPP$),HDI,Human Development Index,33355.603,1990
CAN,Canada,gnipc,Gross National Income Per Capita (2017 PPP$),HDI,Human Development Index,32352.869,1991
CAN,Canada,gnipc,Gross National Income Per Capita (2017 PPP$),HDI,Human Development Index,32176.655,1992
CAN,Canada,gnipc,Gross National Income Per Capita (2017 PPP$),HDI,Human Development Index,32737.523,1993
CAN,Canada,gnipc,Gross National Income Per Capita (2017 PPP$),HDI,Human Development Index,33776.505,1994
CAN,Canada,gnipc,Gross National Income Per Capita (2017 PPP$),HDI,Human Development Index,34364.785,1995
CAN,Canada,gnipc,Gross National Income Per Capita (2017 PPP$),HDI,Human Development Index,34593.936,1996
CAN,Canada,gnipc,Gross National Income Per Capita (2017 PPP$),HDI,Human Development Index,35801.134,1997
CAN,Canada,gnipc,Gross National Income Per Capita (2017 PPP$),HDI,Human Development Index,36810.579,1998
CAN,Canada,gnipc,Gross National Income Per Capita (2017 PPP$),HDI,Human Development Index,38390.194,1999
CAN,Canada,gnipc,Gross National Income Per Capita (2017 PPP$),HDI,Human Development Index,40279.891,2000
CAN,Canada,gnipc,Gross National Income Per Capita (2017 PPP$),HDI,Human Development Index,40484.866,2001
CAN,Canada,gnipc,Gross National Income Per Capita (2017 PPP$),HDI,Human Development Index,41384.963,2002
CAN,Canada,gnipc,Gross National Income Per Capita (2017 PPP$),HDI,Human Development Index,41763.107,2003
CAN,Canada,gnipc,Gross National Income Per Capita (2017 PPP$),HDI,Human Development Index,42769.217,2004
CAN,Canada,gnipc,Gross National Income Per Capita (2017 PPP$),HDI,Human Development Index,43762.614,2005
CAN,Canada,gnipc,Gross National Income Per Capita (2017 PPP$),HDI,Human Development Index,44669.614,2006
CAN,Canada,gnipc,Gross National Income Per Capita (2017 PPP$),HDI,Human Development Index,45203.815,2007
CAN,Canada,gnipc,Gross National Income Per Capita (2017 PPP$),HDI,Human Development Index,45157.472,2008
CAN,Canada,gnipc,Gross National Income Per Capita (2017 PPP$),HDI,Human Development Index,43247.581,2009
CAN,Canada,gnipc,Gross National Income Per Capita (2017 PPP$),HDI,Human Development Index,43961.938,2010
CAN,Canada,gnipc,Gross National Income Per Capita (2017 PPP$),HDI,Human Development Index,44935.536,2011
CAN,Canada,gnipc,Gross National Income Per Capita (2017 PPP$),HDI,Human Development Index,45291.172,2012
CAN,Canada,gnipc,Gross National Income Per Capita (2017 PPP$),HDI,Human Development Index,45977.918,2013
CAN,Canada,gnipc,Gross National Income Per Capita (2017 PPP$),HDI,Human Development Index,46782.799,2014
CAN,Canada,gnipc,Gross National Income Per Capita (2017 PPP$),HDI,Human Development Index,46798.979,2015
CAN,Canada,gnipc,Gross National Income Per Capita (2017 PPP$),HDI,Human Development Index,46884.616,2016
CAN,Canada,gnipc,Gross National Income Per Capita (2017 PPP$),HDI,Human Development Index,47702.714,2017
CAN,Canada,gnipc,Gross National Income Per Capita (2017 PPP$),HDI,Human Development Index,48127.699,2018
CAN,Canada,gnipc,Gross National Income Per Capita (2017 PPP$),HDI,Human Development Index,48591.233,2019
CAN,Canada,gnipc,Gross National Income Per Capita (2017 PPP$),HDI,Human Development Index,45828.218,2020
CAN,Canada,gnipc,Gross National Income Per Capita (2017 PPP$),HDI,Human Development Index,47932.752,2021
CAN,Canada,gnipc,Gross National Income Per Capita (2017 PPP$),HDI,Human Development Index,48444.393,2022
CAN,Canada,hdi_f,HDI female,GDI,Gender Development Index,0.852,1990
CAN,Canada,hdi_f,HDI female,GDI,Gender Development Index,0.856,1991
CAN,Canada,hdi_f,HDI female,GDI,Gender Development Index,0.860,1992
CAN,Canada,hdi_f,HDI female,GDI,Gender Development Index,0.857,1993
CAN,Canada,hdi_f,HDI female,GDI,Gender Development Index,0.863,1994
CAN,Canada,hdi_f,HDI female,GDI,Gender Development Index,0.867,1995
CAN,Canada,hdi_f,HDI female,GDI,Gender Development Index,0.870,1996
CAN,Canada,hdi_f,HDI female,GDI,Gender Development Index,0.867,1997
CAN,Canada,hdi_f,HDI female,GDI,Gender Development Index,0.867,1998
CAN,Canada,hdi_f,HDI female,GDI,Gender Development Index,0.873,1999
CAN,Canada,hdi_f,HDI female,GDI,Gender Development Index,0.878,2000
CAN,Canada,hdi_f,HDI female,GDI,Gender Development Index,0.881,2001
CAN,Canada,hdi_f,HDI female,GDI,Gender Development Index,0.883,2002
CAN,Canada,hdi_f,HDI female,GDI,Gender Development Index,0.886,2003
CAN,Canada,hdi_f,HDI female,GDI,Gender Development Index,0.890,2004
CAN,Canada,hdi_f,HDI female,GDI,Gender Development Index,0.892,2005
CAN,Canada,hdi_f,HDI female,GDI,Gender Development Index,0.896,2006
CAN,Canada,hdi_f,HDI female,GDI,Gender Development Index,0.896,2007
CAN,Canada,hdi_f,HDI female,GDI,Gender Development Index,0.898,2008
CAN,Canada,hdi_f,HDI female,GDI,Gender Development Index,0.900,2009
CAN,Canada,hdi_f,HDI female,GDI,Gender Development Index,0.901,2010
CAN,Canada,hdi_f,HDI female,GDI,Gender Development Index,0.904,2011
CAN,Canada,hdi_f,HDI female,GDI,Gender Development Index,0.911,2012
CAN,Canada,hdi_f,HDI female,GDI,Gender Development Index,0.914,2013
CAN,Canada,hdi_f,HDI female,GDI,Gender Development Index,0.917,2014
CAN,Canada,hdi_f,HDI female,GDI,Gender Development Index,0.918,2015
CAN,Canada,hdi_f,HDI female,GDI,Gender Development Index,0.919,2016
CAN,Canada,hdi_f,HDI female,GDI,Gender Development Index,0.922,2017
CAN,Canada,hdi_f,HDI female,GDI,Gender Development Index,0.922,2018
CAN,Canada,hdi_f,HDI female,GDI,Gender Development Index,0.925,2019
CAN,Canada,hdi_f,HDI female,GDI,Gender Development Index,0.922,2020
CAN,Canada,hdi_f,HDI female,GDI,Gender Development Index,0.928,2021
CAN,Canada,hdi_f,HDI female,GDI,Gender Development Index,0.929,2022
CAN,Canada,hdi_m,HDI male,GDI,Gender Development Index,0.866,1990
CAN,Canada,hdi_m,HDI male,GDI,Gender Development Index,0.870,1991
CAN,Canada,hdi_m,HDI male,GDI,Gender Development Index,0.874,1992
CAN,Canada,hdi_m,HDI male,GDI,Gender Development Index,0.874,1993
CAN,Canada,hdi_m,HDI male,GDI,Gender Development Index,0.881,1994
CAN,Canada,hdi_m,HDI male,GDI,Gender Development Index,0.884,1995
CAN,Canada,hdi_m,HDI male,GDI,Gender Development Index,0.887,1996
CAN,Canada,hdi_m,HDI male,GDI,Gender Development Index,0.889,1997
CAN,Canada,hdi_m,HDI male,GDI,Gender Development Index,0.889,1998
CAN,Canada,hdi_m,HDI male,GDI,Gender Development Index,0.892,1999
CAN,Canada,hdi_m,HDI male,GDI,Gender Development Index,0.898,2000
CAN,Canada,hdi_m,HDI male,GDI,Gender Development Index,0.900,2001
CAN,Canada,hdi_m,HDI male,GDI,Gender Development Index,0.903,2002
CAN,Canada,hdi_m,HDI male,GDI,Gender Development Index,0.905,2003
CAN,Canada,hdi_m,HDI male,GDI,Gender Development Index,0.908,2004
CAN,Canada,hdi_m,HDI male,GDI,Gender Development Index,0.910,2005
CAN,Canada,hdi_m,HDI male,GDI,Gender Development Index,0.914,2006
CAN,Canada,hdi_m,HDI male,GDI,Gender Development Index,0.915,2007
CAN,Canada,hdi_m,HDI male,GDI,Gender Development Index,0.917,2008
CAN,Canada,hdi_m,HDI male,GDI,Gender Development Index,0.917,2009
CAN,Canada,hdi_m,HDI male,GDI,Gender Development Index,0.919,2010
CAN,Canada,hdi_m,HDI male,GDI,Gender Development Index,0.922,2011
CAN,Canada,hdi_m,HDI male,GDI,Gender Development Index,0.928,2012
CAN,Canada,hdi_m,HDI male,GDI,Gender Development Index,0.930,2013
CAN,Canada,hdi_m,HDI male,GDI,Gender Development Index,0.931,2014
CAN,Canada,hdi_m,HDI male,GDI,Gender Development Index,0.933,2015
CAN,Canada,hdi_m,HDI male,GDI,Gender Development Index,0.934,2016
CAN,Canada,hdi_m,HDI male,GDI,Gender Development Index,0.935,2017
CAN,Canada,hdi_m,HDI male,GDI,Gender Development Index,0.935,2018
CAN,Canada,hdi_m,HDI male,GDI,Gender Development Index,0.937,2019
CAN,Canada,hdi_m,HDI male,GDI,Gender Development Index,0.933,2020
CAN,Canada,hdi_m,HDI male,GDI,Gender Development Index,0.938,2021
CAN,Canada,hdi_m,HDI male,GDI,Gender Development Index,0.940,2022
CAN,Canada,hdi_rank,HDI Rank,HDI,Human Development Index,18,2022
CAN,Canada,ineq_edu,Inequality in eduation,IHDI,Inequality-adjusted Human Development Index,3.100,2010
CAN,Canada,ineq_edu,Inequality in eduation,IHDI,Inequality-adjusted Human Development Index,2.953,2011
CAN,Canada,ineq_edu,Inequality in eduation,IHDI,Inequality-adjusted Human Development Index,2.729,2012
CAN,Canada,ineq_edu,Inequality in eduation,IHDI,Inequality-adjusted Human Development Index,2.678,2013
CAN,Canada,ineq_edu,Inequality in eduation,IHDI,Inequality-adjusted Human Development Index,2.541,2014
CAN,Canada,ineq_edu,Inequality in eduation,IHDI,Inequality-adjusted Human Development Index,2.696,2015
CAN,Canada,ineq_edu,Inequality in eduation,IHDI,Inequality-adjusted Human Development Index,2.580,2016
CAN,Canada,ineq_edu,Inequality in eduation,IHDI,Inequality-adjusted Human Development Index,2.521,2017
CAN,Canada,ineq_edu,Inequality in eduation,IHDI,Inequality-adjusted Human Development Index,2.311,2018
CAN,Canada,ineq_edu,Inequality in eduation,IHDI,Inequality-adjusted Human Development Index,2.312,2019
CAN,Canada,ineq_edu,Inequality in eduation,IHDI,Inequality-adjusted Human Development Index,2.312,2020
CAN,Canada,ineq_edu,Inequality in eduation,IHDI,Inequality-adjusted Human Development Index,2.312,2021
CAN,Canada,ineq_edu,Inequality in eduation,IHDI,Inequality-adjusted Human Development Index,2.312,2022
CAN,Canada,ineq_inc,Inequality in income,IHDI,Inequality-adjusted Human Development Index,17.680,2010
CAN,Canada,ineq_inc,Inequality in income,IHDI,Inequality-adjusted Human Development Index,16.860,2011
CAN,Canada,ineq_inc,Inequality in income,IHDI,Inequality-adjusted Human Development Index,18.023,2012
CAN,Canada,ineq_inc,Inequality in income,IHDI,Inequality-adjusted Human Development Index,18.425,2013
CAN,Canada,ineq_inc,Inequality in income,IHDI,Inequality-adjusted Human Development Index,17.469,2014
CAN,Canada,ineq_inc,Inequality in income,IHDI,Inequality-adjusted Human Development Index,18.160,2015
CAN,Canada,ineq_inc,Inequality in income,IHDI,Inequality-adjusted Human Development Index,16.998,2016
CAN,Canada,ineq_inc,Inequality in income,IHDI,Inequality-adjusted Human Development Index,17.513,2017
CAN,Canada,ineq_inc,Inequality in income,IHDI,Inequality-adjusted Human Development Index,16.752,2018
CAN,Canada,ineq_inc,Inequality in income,IHDI,Inequality-adjusted Human Development Index,15.982,2019
CAN,Canada,ineq_inc,Inequality in income,IHDI,Inequality-adjusted Human Development Index,15.982,2020
CAN,Canada,ineq_inc,Inequality in income,IHDI,Inequality-adjusted Human Development Index,15.982,2021
CAN,Canada,ineq_inc,Inequality in income,IHDI,Inequality-adjusted Human Development Index,15.982,2022
CAN,Canada,ineq_le,Inequality in life expectancy,IHDI,Inequality-adjusted Human Development Index,4.655,2010
CAN,Canada,ineq_le,Inequality in life expectancy,IHDI,Inequality-adjusted Human Development Index,4.565,2011
CAN,Canada,ineq_le,Inequality in life expectancy,IHDI,Inequality-adjusted Human Development Index,4.508,2012
CAN,Canada,ineq_le,Inequality in life expectancy,IHDI,Inequality-adjusted Human Development Index,4.593,2013
CAN,Canada,ineq_le,Inequality in life expectancy,IHDI,Inequality-adjusted Human Development Index,4.441,2014
CAN,Canada,ineq_le,Inequality in life expectancy,IHDI,Inequality-adjusted Human Development Index,4.404,2015
CAN,Canada,ineq_le,Inequality in life expectancy,IHDI,Inequality-adjusted Human Development Index,4.453,2016
CAN,Canada,ineq_le,Inequality in life expectancy,IHDI,Inequality-adjusted Human Development Index,4.405,2017
CAN,Canada,ineq_le,Inequality in life expectancy,IHDI,Inequality-adjusted Human Development Index,4.490,2018
CAN,Canada,ineq_le,Inequality in life expectancy,IHDI,Inequality-adjusted Human Development Index,4.315,2019
CAN,Canada,ineq_le,Inequality in life expectancy,IHDI,Inequality-adjusted Human Development Index,4.219,2020
CAN,Canada,ineq_le,Inequality in life expectancy,IHDI,Inequality-adjusted Human Development Index,4.107,2021
CAN,Canada,ineq_le,Inequality in life expectancy,IHDI,Inequality-adjusted Human Development Index,4.029,2022
CAN,Canada,le,Life Expectancy at Birth (years),HDI,Human Development Index,77.431,1990
CAN,Canada,le,Life Expectancy at Birth (years),HDI,Human Development Index,77.592,1991
CAN,Canada,le,Life Expectancy at Birth (years),HDI,Human Development Index,77.85,1992
CAN,Canada,le,Life Expectancy at Birth (years),HDI,Human Development Index,77.723,1993
CAN,Canada,le,Life Expectancy at Birth (years),HDI,Human Development Index,77.899,1994
CAN,Canada,le,Life Expectancy at Birth (years),HDI,Human Development Index,78.019,1995
CAN,Canada,le,Life Expectancy at Birth (years),HDI,Human Development Index,78.271,1996
CAN,Canada,le,Life Expectancy at Birth (years),HDI,Human Development Index,78.464,1997
CAN,Canada,le,Life Expectancy at Birth (years),HDI,Human Development Index,78.674,1998
CAN,Canada,le,Life Expectancy at Birth (years),HDI,Human Development Index,78.885,1999
CAN,Canada,le,Life Expectancy at Birth (years),HDI,Human Development Index,79.234,2000
CAN,Canada,le,Life Expectancy at Birth (years),HDI,Human Development Index,79.451,2001
CAN,Canada,le,Life Expectancy at Birth (years),HDI,Human Development Index,79.568,2002
CAN,Canada,le,Life Expectancy at Birth (years),HDI,Human Development Index,79.74,2003
CAN,Canada,le,Life Expectancy at Birth (years),HDI,Human Development Index,80.033,2004
CAN,Canada,le,Life Expectancy at Birth (years),HDI,Human Development Index,80.136,2005
CAN,Canada,le,Life Expectancy at Birth (years),HDI,Human Development Index,80.547,2006
CAN,Canada,le,Life Expectancy at Birth (years),HDI,Human Development Index,80.549,2007
CAN,Canada,le,Life Expectancy at Birth (years),HDI,Human Development Index,80.739,2008
CAN,Canada,le,Life Expectancy at Birth (years),HDI,Human Development Index,81.074,2009
CAN,Canada,le,Life Expectancy at Birth (years),HDI,Human Development Index,81.347,2010
CAN,Canada,le,Life Expectancy at Birth (years),HDI,Human Development Index,81.529,2011
CAN,Canada,le,Life Expectancy at Birth (years),HDI,Human Development Index,81.722,2012
CAN,Canada,le,Life Expectancy at Birth (years),HDI,Human Development Index,81.803,2013
CAN,Canada,le,Life Expectancy at Birth (years),HDI,Human Development Index,81.855,2014
CAN,Canada,le,Life Expectancy at Birth (years),HDI,Human Development Index,81.925,2015
CAN,Canada,le,Life Expectancy at Birth (years),HDI,Human Development Index,82.043,2016
CAN,Canada,le,Life Expectancy at Birth (years),HDI,Human Development Index,82.019,2017
CAN,Canada,le,Life Expectancy at Birth (years),HDI,Human Development Index,82.051,2018
CAN,Canada,le,Life Expectancy at Birth (years),HDI,Human Development Index,82.363,2019
CAN,Canada,le,Life Expectancy at Birth (years),HDI,Human Development Index,82.047,2020
CAN,Canada,le,Life Expectancy at Birth (years),HDI,Human Development Index,82.656,2021
CAN,Canada,le,Life Expectancy at Birth (years),HDI,Human Development Index,82.847,2022
CAN,Canada,le_f,"Life Expectancy at Birth, female (years)",GDI,Gender Development Index,80.621,1990
CAN,Canada,le_f,"Life Expectancy at Birth, female (years)",GDI,Gender Development Index,80.723,1991
CAN,Canada,le_f,"Life Expectancy at Birth, female (years)",GDI,Gender Development Index,80.976,1992
CAN,Canada,le_f,"Life Expectancy at Birth, female (years)",GDI,Gender Development Index,80.785,1993
CAN,Canada,le_f,"Life Expectancy at Birth, female (years)",GDI,Gender Development Index,80.883,1994
CAN,Canada,le_f,"Life Expectancy at Birth, female (years)",GDI,Gender Development Index,80.976,1995
CAN,Canada,le_f,"Life Expectancy at Birth, female (years)",GDI,Gender Development Index,81.094,1996
CAN,Canada,le_f,"Life Expectancy at Birth, female (years)",GDI,Gender Development Index,81.192,1997
CAN,Canada,le_f,"Life Expectancy at Birth, female (years)",GDI,Gender Development Index,81.356,1998
CAN,Canada,le_f,"Life Expectancy at Birth, female (years)",GDI,Gender Development Index,81.566,1999
CAN,Canada,le_f,"Life Expectancy at Birth, female (years)",GDI,Gender Development Index,81.772,2000
CAN,Canada,le_f,"Life Expectancy at Birth, female (years)",GDI,Gender Development Index,81.937,2001
CAN,Canada,le_f,"Life Expectancy at Birth, female (years)",GDI,Gender Development Index,81.942,2002
CAN,Canada,le_f,"Life Expectancy at Birth, female (years)",GDI,Gender Development Index,82.146,2003
CAN,Canada,le_f,"Life Expectancy at Birth, female (years)",GDI,Gender Development Index,82.365,2004
CAN,Canada,le_f,"Life Expectancy at Birth, female (years)",GDI,Gender Development Index,82.435,2005
CAN,Canada,le_f,"Life Expectancy at Birth, female (years)",GDI,Gender Development Index,82.809,2006
CAN,Canada,le_f,"Life Expectancy at Birth, female (years)",GDI,Gender Development Index,82.804,2007
CAN,Canada,le_f,"Life Expectancy at Birth, female (years)",GDI,Gender Development Index,82.95,2008
CAN,Canada,le_f,"Life Expectancy at Birth, female (years)",GDI,Gender Development Index,83.231,2009
CAN,Canada,le_f,"Life Expectancy at Birth, female (years)",GDI,Gender Development Index,83.457,2010
CAN,Canada,le_f,"Life Expectancy at Birth, female (years)",GDI,Gender Development Index,83.597,2011
CAN,Canada,le_f,"Life Expectancy at Birth, female (years)",GDI,Gender Development Index,83.758,2012
CAN,Canada,le_f,"Life Expectancy at Birth, female (years)",GDI,Gender Development Index,83.8,2013
CAN,Canada,le_f,"Life Expectancy at Birth, female (years)",GDI,Gender Development Index,83.89,2014
CAN,Canada,le_f,"Life Expectancy at Birth, female (years)",GDI,Gender Development Index,83.912,2015
CAN,Canada,le_f,"Life Expectancy at Birth, female (years)",GDI,Gender Development Index,84.053,2016
CAN,Canada,le_f,"Life Expectancy at Birth, female (years)",GDI,Gender Development Index,84.103,2017
CAN,Canada,le_f,"Life Expectancy at Birth, female (years)",GDI,Gender Development Index,84.095,2018
CAN,Canada,le_f,"Life Expectancy at Birth, female (years)",GDI,Gender Development Index,84.419,2019
CAN,Canada,le_f,"Life Expectancy at Birth, female (years)",GDI,Gender Development Index,84.104,2020
CAN,Canada,le_f,"Life Expectancy at Birth, female (years)",GDI,Gender Development Index,84.671,2021
CAN,Canada,le_f,"Life Expectancy at Birth, female (years)",GDI,Gender Development Index,84.797,2022
CAN,Canada,le_m,"Life Expectancy at Birth, male (years)",GDI,Gender Development Index,74.227,1990
CAN,Canada,le_m,"Life Expectancy at Birth, male (years)",GDI,Gender Development Index,74.439,1991
CAN,Canada,le_m,"Life Expectancy at Birth, male (years)",GDI,Gender Development Index,74.693,1992
CAN,Canada,le_m,"Life Expectancy at Birth, male (years)",GDI,Gender Development Index,74.629,1993
CAN,Canada,le_m,"Life Expectancy at Birth, male (years)",GDI,Gender Development Index,74.866,1994
CAN,Canada,le_m,"Life Expectancy at Birth, male (years)",GDI,Gender Development Index,75.009,1995
CAN,Canada,le_m,"Life Expectancy at Birth, male (years)",GDI,Gender Development Index,75.374,1996
CAN,Canada,le_m,"Life Expectancy at Birth, male (years)",GDI,Gender Development Index,75.654,1997
CAN,Canada,le_m,"Life Expectancy at Birth, male (years)",GDI,Gender Development Index,75.905,1998
CAN,Canada,le_m,"Life Expectancy at Birth, male (years)",GDI,Gender Development Index,76.115,1999
CAN,Canada,le_m,"Life Expectancy at Birth, male (years)",GDI,Gender Development Index,76.582,2000
CAN,Canada,le_m,"Life Expectancy at Birth, male (years)",GDI,Gender Development Index,76.848,2001
CAN,Canada,le_m,"Life Expectancy at Birth, male (years)",GDI,Gender Development Index,77.073,2002
CAN,Canada,le_m,"Life Expectancy at Birth, male (years)",GDI,Gender Development Index,77.219,2003
CAN,Canada,le_m,"Life Expectancy at Birth, male (years)",GDI,Gender Development Index,77.58,2004
CAN,Canada,le_m,"Life Expectancy at Birth, male (years)",GDI,Gender Development Index,77.717,2005
CAN,Canada,le_m,"Life Expectancy at Birth, male (years)",GDI,Gender Development Index,78.154,2006
CAN,Canada,le_m,"Life Expectancy at Birth, male (years)",GDI,Gender Development Index,78.184,2007
CAN,Canada,le_m,"Life Expectancy at Birth, male (years)",GDI,Gender Development Index,78.412,2008
CAN,Canada,le_m,"Life Expectancy at Birth, male (years)",GDI,Gender Development Index,78.797,2009
CAN,Canada,le_m,"Life Expectancy at Birth, male (years)",GDI,Gender Development Index,79.121,2010
CAN,Canada,le_m,"Life Expectancy at Birth, male (years)",GDI,Gender Development Index,79.35,2011
CAN,Canada,le_m,"Life Expectancy at Birth, male (years)",GDI,Gender Development Index,79.577,2012
CAN,Canada,le_m,"Life Expectancy at Birth, male (years)",GDI,Gender Development Index,79.714,2013
CAN,Canada,le_m,"Life Expectancy at Birth, male (years)",GDI,Gender Development Index,79.741,2014
CAN,Canada,le_m,"Life Expectancy at Birth, male (years)",GDI,Gender Development Index,79.864,2015
CAN,Canada,le_m,"Life Expectancy at Birth, male (years)",GDI,Gender Development Index,79.966,2016
CAN,Canada,le_m,"Life Expectancy at Birth, male (years)",GDI,Gender Development Index,79.891,2017
CAN,Canada,le_m,"Life Expectancy at Birth, male (years)",GDI,Gender Development Index,79.972,2018
CAN,Canada,le_m,"Life Expectancy at Birth, male (years)",GDI,Gender Development Index,80.277,2019
CAN,Canada,le_m,"Life Expectancy at Birth, male (years)",GDI,Gender Development Index,79.98,2020
CAN,Canada,le_m,"Life Expectancy at Birth, male (years)",GDI,Gender Development Index,80.621,2021
CAN,Canada,le_m,"Life Expectancy at Birth, male (years)",GDI,Gender Development Index,80.868,2022
CAN,Canada,lfpr_f,"Labour force participation rate, female (% ages 15 and older)",GII,Gender Inequality Index,58.5,1990
CAN,Canada,lfpr_f,"Labour force participation rate, female (% ages 15 and older)",GII,Gender Inequality Index,58.43,1991
CAN,Canada,lfpr_f,"Labour force participation rate, female (% ages 15 and older)",GII,Gender Inequality Index,57.84,1992
CAN,Canada,lfpr_f,"Labour force participation rate, female (% ages 15 and older)",GII,Gender Inequality Index,57.66,1993
CAN,Canada,lfpr_f,"Labour force participation rate, female (% ages 15 and older)",GII,Gender Inequality Index,57.52,1994
CAN,Canada,lfpr_f,"Labour force participation rate, female (% ages 15 and older)",GII,Gender Inequality Index,57.48,1995
CAN,Canada,lfpr_f,"Labour force participation rate, female (% ages 15 and older)",GII,Gender Inequality Index,57.47,1996
CAN,Canada,lfpr_f,"Labour force participation rate, female (% ages 15 and older)",GII,Gender Inequality Index,57.79,1997
CAN,Canada,lfpr_f,"Labour force participation rate, female (% ages 15 and older)",GII,Gender Inequality Index,58.38,1998
CAN,Canada,lfpr_f,"Labour force participation rate, female (% ages 15 and older)",GII,Gender Inequality Index,58.91,1999
CAN,Canada,lfpr_f,"Labour force participation rate, female (% ages 15 and older)",GII,Gender Inequality Index,59.4,2000
CAN,Canada,lfpr_f,"Labour force participation rate, female (% ages 15 and older)",GII,Gender Inequality Index,59.75,2001
CAN,Canada,lfpr_f,"Labour force participation rate, female (% ages 15 and older)",GII,Gender Inequality Index,60.91,2002
CAN,Canada,lfpr_f,"Labour force participation rate, female (% ages 15 and older)",GII,Gender Inequality Index,61.89,2003
CAN,Canada,lfpr_f,"Labour force participation rate, female (% ages 15 and older)",GII,Gender Inequality Index,61.99,2004
CAN,Canada,lfpr_f,"Labour force participation rate, female (% ages 15 and older)",GII,Gender Inequality Index,61.66,2005
CAN,Canada,lfpr_f,"Labour force participation rate, female (% ages 15 and older)",GII,Gender Inequality Index,61.88,2006
CAN,Canada,lfpr_f,"Labour force participation rate, female (% ages 15 and older)",GII,Gender Inequality Index,62.36,2007
CAN,Canada,lfpr_f,"Labour force participation rate, female (% ages 15 and older)",GII,Gender Inequality Index,62.46,2008
CAN,Canada,lfpr_f,"Labour force participation rate, female (% ages 15 and older)",GII,Gender Inequality Index,62.43,2009
CAN,Canada,lfpr_f,"Labour force participation rate, female (% ages 15 and older)",GII,Gender Inequality Index,62.39,2010
CAN,Canada,lfpr_f,"Labour force participation rate, female (% ages 15 and older)",GII,Gender Inequality Index,62.16,2011
CAN,Canada,lfpr_f,"Labour force participation rate, female (% ages 15 and older)",GII,Gender Inequality Index,62.22,2012
CAN,Canada,lfpr_f,"Labour force participation rate, female (% ages 15 and older)",GII,Gender Inequality Index,62.31,2013
CAN,Canada,lfpr_f,"Labour force participation rate, female (% ages 15 and older)",GII,Gender Inequality Index,61.7,2014
CAN,Canada,lfpr_f,"Labour force participation rate, female (% ages 15 and older)",GII,Gender Inequality Index,61.47,2015
CAN,Canada,lfpr_f,"Labour force participation rate, female (% ages 15 and older)",GII,Gender Inequality Index,61.37,2016
CAN,Canada,lfpr_f,"Labour force participation rate, female (% ages 15 and older)",GII,Gender Inequality Index,61.54,2017
CAN,Canada,lfpr_f,"Labour force participation rate, female (% ages 15 and older)",GII,Gender Inequality Index,61.42,2018
CAN,Canada,lfpr_f,"Labour force participation rate, female (% ages 15 and older)",GII,Gender Inequality Index,61.7,2019
CAN,Canada,lfpr_f,"Labour force participation rate, female (% ages 15 and older)",GII,Gender Inequality Index,59.81,2020
CAN,Canada,lfpr_f,"Labour force participation rate, female (% ages 15 and older)",GII,Gender Inequality Index,61.05,2021
CAN,Canada,lfpr_f,"Labour force participation rate, female (% ages 15 and older)",GII,Gender Inequality Index,61.48,2022
CAN,Canada,lfpr_m,"Labour force participation rate, male (% ages 15 and older)",GII,Gender Inequality Index,76.12,1990
CAN,Canada,lfpr_m,"Labour force participation rate, male (% ages 15 and older)",GII,Gender Inequality Index,75.04,1991
CAN,Canada,lfpr_m,"Labour force participation rate, male (% ages 15 and older)",GII,Gender Inequality Index,73.86,1992
CAN,Canada,lfpr_m,"Labour force participation rate, male (% ages 15 and older)",GII,Gender Inequality Index,73.31,1993
CAN,Canada,lfpr_m,"Labour force participation rate, male (% ages 15 and older)",GII,Gender Inequality Index,73.1,1994
CAN,Canada,lfpr_m,"Labour force participation rate, male (% ages 15 and older)",GII,Gender Inequality Index,72.46,1995
CAN,Canada,lfpr_m,"Labour force participation rate, male (% ages 15 and older)",GII,Gender Inequality Index,72.17,1996
CAN,Canada,lfpr_m,"Labour force participation rate, male (% ages 15 and older)",GII,Gender Inequality Index,72.23,1997
CAN,Canada,lfpr_m,"Labour force participation rate, male (% ages 15 and older)",GII,Gender Inequality Index,72.12,1998
CAN,Canada,lfpr_m,"Labour force participation rate, male (% ages 15 and older)",GII,Gender Inequality Index,72.39,1999
CAN,Canada,lfpr_m,"Labour force participation rate, male (% ages 15 and older)",GII,Gender Inequality Index,72.35,2000
CAN,Canada,lfpr_m,"Labour force participation rate, male (% ages 15 and older)",GII,Gender Inequality Index,72.27,2001
CAN,Canada,lfpr_m,"Labour force participation rate, male (% ages 15 and older)",GII,Gender Inequality Index,73.01,2002
CAN,Canada,lfpr_m,"Labour force participation rate, male (% ages 15 and older)",GII,Gender Inequality Index,73.41,2003
CAN,Canada,lfpr_m,"Labour force participation rate, male (% ages 15 and older)",GII,Gender Inequality Index,73.17,2004
CAN,Canada,lfpr_m,"Labour force participation rate, male (% ages 15 and older)",GII,Gender Inequality Index,72.8,2005
CAN,Canada,lfpr_m,"Labour force participation rate, male (% ages 15 and older)",GII,Gender Inequality Index,72.67,2006
CAN,Canada,lfpr_m,"Labour force participation rate, male (% ages 15 and older)",GII,Gender Inequality Index,72.73,2007
CAN,Canada,lfpr_m,"Labour force participation rate, male (% ages 15 and older)",GII,Gender Inequality Index,72.91,2008
CAN,Canada,lfpr_m,"Labour force participation rate, male (% ages 15 and older)",GII,Gender Inequality Index,72.28,2009
CAN,Canada,lfpr_m,"Labour force participation rate, male (% ages 15 and older)",GII,Gender Inequality Index,71.87,2010
CAN,Canada,lfpr_m,"Labour force participation rate, male (% ages 15 and older)",GII,Gender Inequality Index,71.81,2011
CAN,Canada,lfpr_m,"Labour force participation rate, male (% ages 15 and older)",GII,Gender Inequality Index,71.61,2012
CAN,Canada,lfpr_m,"Labour force participation rate, male (% ages 15 and older)",GII,Gender Inequality Index,71.47,2013
CAN,Canada,lfpr_m,"Labour force participation rate, male (% ages 15 and older)",GII,Gender Inequality Index,71.05,2014
CAN,Canada,lfpr_m,"Labour force participation rate, male (% ages 15 and older)",GII,Gender Inequality Index,71.02,2015
CAN,Canada,lfpr_m,"Labour force participation rate, male (% ages 15 and older)",GII,Gender Inequality Index,70.6,2016
CAN,Canada,lfpr_m,"Labour force participation rate, male (% ages 15 and older)",GII,Gender Inequality Index,70.68,2017
CAN,Canada,lfpr_m,"Labour force participation rate, male (% ages 15 and older)",GII,Gender Inequality Index,70.28,2018
CAN,Canada,lfpr_m,"Labour force participation rate, male (% ages 15 and older)",GII,Gender Inequality Index,70.51,2019
CAN,Canada,lfpr_m,"Labour force participation rate, male (% ages 15 and older)",GII,Gender Inequality Index,68.94,2020
CAN,Canada,lfpr_m,"Labour force participation rate, male (% ages 15 and older)",GII,Gender Inequality Index,69.84,2021
CAN,Canada,lfpr_m,"Labour force participation rate, male (% ages 15 and older)",GII,Gender Inequality Index,69.5,2022
CAN,Canada,loss,Overall loss (%),IHDI,Inequality-adjusted Human Development Index,8.672,2010
CAN,Canada,loss,Overall loss (%),IHDI,Inequality-adjusted Human Development Index,8.315,2011
CAN,Canada,loss,Overall loss (%),IHDI,Inequality-adjusted Human Development Index,8.686,2012
CAN,Canada,loss,Overall loss (%),IHDI,Inequality-adjusted Human Development Index,8.776,2013
CAN,Canada,loss,Overall loss (%),IHDI,Inequality-adjusted Human Development Index,8.324,2014
CAN,Canada,loss,Overall loss (%),IHDI,Inequality-adjusted Human Development Index,8.738,2015
CAN,Canada,loss,Overall loss (%),IHDI,Inequality-adjusted Human Development Index,8.297,2016
CAN,Canada,loss,Overall loss (%),IHDI,Inequality-adjusted Human Development Index,8.396,2017
CAN,Canada,loss,Overall loss (%),IHDI,Inequality-adjusted Human Development Index,8.065,2018
CAN,Canada,loss,Overall loss (%),IHDI,Inequality-adjusted Human Development Index,7.725,2019
CAN,Canada,loss,Overall loss (%),IHDI,Inequality-adjusted Human Development Index,7.651,2020
CAN,Canada,loss,Overall loss (%),IHDI,Inequality-adjusted Human Development Index,7.709,2021
CAN,Canada,loss,Overall loss (%),IHDI,Inequality-adjusted Human Development Index,7.594,2022
CAN,Canada,mf,Material footprint per capita (tonnes),PHDI,Planetary pressures–adjusted Human Development Index,34.094,1990
CAN,Canada,mf,Material footprint per capita (tonnes),PHDI,Planetary pressures–adjusted Human Development Index,31.856,1991
CAN,Canada,mf,Material footprint per capita (tonnes),PHDI,Planetary pressures–adjusted Human Development Index,32.137,1992
CAN,Canada,mf,Material footprint per capita (tonnes),PHDI,Planetary pressures–adjusted Human Development Index,31.317,1993
CAN,Canada,mf,Material footprint per capita (tonnes),PHDI,Planetary pressures–adjusted Human Development Index,31.852,1994
CAN,Canada,mf,Material footprint per capita (tonnes),PHDI,Planetary pressures–adjusted Human Development Index,27.514,1995
CAN,Canada,mf,Material footprint per capita (tonnes),PHDI,Planetary pressures–adjusted Human Development Index,28.372,1996
CAN,Canada,mf,Material footprint per capita (tonnes),PHDI,Planetary pressures–adjusted Human Development Index,31.125,1997
CAN,Canada,mf,Material footprint per capita (tonnes),PHDI,Planetary pressures–adjusted Human Development Index,30.831,1998
CAN,Canada,mf,Material footprint per capita (tonnes),PHDI,Planetary pressures–adjusted Human Development Index,30.696,1999
CAN,Canada,mf,Material footprint per capita (tonnes),PHDI,Planetary pressures–adjusted Human Development Index,31.735,2000
CAN,Canada,mf,Material footprint per capita (tonnes),PHDI,Planetary pressures–adjusted Human Development Index,29.683,2001
CAN,Canada,mf,Material footprint per capita (tonnes),PHDI,Planetary pressures–adjusted Human Development Index,31.391,2002
CAN,Canada,mf,Material footprint per capita (tonnes),PHDI,Planetary pressures–adjusted Human Development Index,33.520,2003
CAN,Canada,mf,Material footprint per capita (tonnes),PHDI,Planetary pressures–adjusted Human Development Index,36.876,2004
CAN,Canada,mf,Material footprint per capita (tonnes),PHDI,Planetary pressures–adjusted Human Development Index,39.799,2005
CAN,Canada,mf,Material footprint per capita (tonnes),PHDI,Planetary pressures–adjusted Human Development Index,42.502,2006
CAN,Canada,mf,Material footprint per capita (tonnes),PHDI,Planetary pressures–adjusted Human Development Index,41.679,2007
CAN,Canada,mf,Material footprint per capita (tonnes),PHDI,Planetary pressures–adjusted Human Development Index,39.266,2008
CAN,Canada,mf,Material footprint per capita (tonnes),PHDI,Planetary pressures–adjusted Human Development Index,41.689,2009
CAN,Canada,mf,Material footprint per capita (tonnes),PHDI,Planetary pressures–adjusted Human Development Index,42.059,2010
CAN,Canada,mf,Material footprint per capita (tonnes),PHDI,Planetary pressures–adjusted Human Development Index,44.036,2011
CAN,Canada,mf,Material footprint per capita (tonnes),PHDI,Planetary pressures–adjusted Human Development Index,44.696,2012
CAN,Canada,mf,Material footprint per capita (tonnes),PHDI,Planetary pressures–adjusted Human Development Index,45.084,2013
CAN,Canada,mf,Material footprint per capita (tonnes),PHDI,Planetary pressures–adjusted Human Development Index,42.762,2014
CAN,Canada,mf,Material footprint per capita (tonnes),PHDI,Planetary pressures–adjusted Human Development Index,40.086,2015
CAN,Canada,mf,Material footprint per capita (tonnes),PHDI,Planetary pressures–adjusted Human Development Index,38.592,2016
CAN,Canada,mf,Material footprint per capita (tonnes),PHDI,Planetary pressures–adjusted Human Development Index,39.830,2017
CAN,Canada,mf,Material footprint per capita (tonnes),PHDI,Planetary pressures–adjusted Human Development Index,36.694,2018
CAN,Canada,mf,Material footprint per capita (tonnes),PHDI,Planetary pressures–adjusted Human Development Index,35.498,2019
CAN,Canada,mf,Material footprint per capita (tonnes),PHDI,Planetary pressures–adjusted Human Development Index,38.133,2020
CAN,Canada,mf,Material footprint per capita (tonnes),PHDI,Planetary pressures–adjusted Human Development Index,36.503,2021
CAN,Canada,mf,Material footprint per capita (tonnes),PHDI,Planetary pressures–adjusted Human Development Index,37.159,2022
CAN,Canada,mmr,"Maternal Mortality Ratio (deaths per 100,000 live births)",GII,Gender Inequality Index,6.889,1990
CAN,Canada,mmr,"Maternal Mortality Ratio (deaths per 100,000 live births)",GII,Gender Inequality Index,6.593,1991
CAN,Canada,mmr,"Maternal Mortality Ratio (deaths per 100,000 live births)",GII,Gender Inequality Index,6.899,1992
CAN,Canada,mmr,"Maternal Mortality Ratio (deaths per 100,000 live births)",GII,Gender Inequality Index,7.460,1993
CAN,Canada,mmr,"Maternal Mortality Ratio (deaths per 100,000 live births)",GII,Gender Inequality Index,7.635,1994
CAN,Canada,mmr,"Maternal Mortality Ratio (deaths per 100,000 live births)",GII,Gender Inequality Index,8.219,1995
CAN,Canada,mmr,"Maternal Mortality Ratio (deaths per 100,000 live births)",GII,Gender Inequality Index,8.932,1996
CAN,Canada,mmr,"Maternal Mortality Ratio (deaths per 100,000 live births)",GII,Gender Inequality Index,7.796,1997
CAN,Canada,mmr,"Maternal Mortality Ratio (deaths per 100,000 live births)",GII,Gender Inequality Index,8.175,1998
CAN,Canada,mmr,"Maternal Mortality Ratio (deaths per 100,000 live births)",GII,Gender Inequality Index,8.639,1999
CAN,Canada,mmr,"Maternal Mortality Ratio (deaths per 100,000 live births)",GII,Gender Inequality Index,9.304,2000
CAN,Canada,mmr,"Maternal Mortality Ratio (deaths per 100,000 live births)",GII,Gender Inequality Index,9.822,2001
CAN,Canada,mmr,"Maternal Mortality Ratio (deaths per 100,000 live births)",GII,Gender Inequality Index,10.379,2002
CAN,Canada,mmr,"Maternal Mortality Ratio (deaths per 100,000 live births)",GII,Gender Inequality Index,10.593,2003
CAN,Canada,mmr,"Maternal Mortality Ratio (deaths per 100,000 live births)",GII,Gender Inequality Index,10.659,2004
CAN,Canada,mmr,"Maternal Mortality Ratio (deaths per 100,000 live births)",GII,Gender Inequality Index,11.331,2005
CAN,Canada,mmr,"Maternal Mortality Ratio (deaths per 100,000 live births)",GII,Gender Inequality Index,10.971,2006
CAN,Canada,mmr,"Maternal Mortality Ratio (deaths per 100,000 live births)",GII,Gender Inequality Index,10.557,2007
CAN,Canada,mmr,"Maternal Mortality Ratio (deaths per 100,000 live births)",GII,Gender Inequality Index,12.773,2008
CAN,Canada,mmr,"Maternal Mortality Ratio (deaths per 100,000 live births)",GII,Gender Inequality Index,12.613,2009
CAN,Canada,mmr,"Maternal Mortality Ratio (deaths per 100,000 live births)",GII,Gender Inequality Index,11.940,2010
CAN,Canada,mmr,"Maternal Mortality Ratio (deaths per 100,000 live births)",GII,Gender Inequality Index,11.862,2011
CAN,Canada,mmr,"Maternal Mortality Ratio (deaths per 100,000 live births)",GII,Gender Inequality Index,11.827,2012
CAN,Canada,mmr,"Maternal Mortality Ratio (deaths per 100,000 live births)",GII,Gender Inequality Index,11.480,2013
CAN,Canada,mmr,"Maternal Mortality Ratio (deaths per 100,000 live births)",GII,Gender Inequality Index,11.682,2014
CAN,Canada,mmr,"Maternal Mortality Ratio (deaths per 100,000 live births)",GII,Gender Inequality Index,11.661,2015
CAN,Canada,mmr,"Maternal Mortality Ratio (deaths per 100,000 live births)",GII,Gender Inequality Index,12.524,2016
CAN,Canada,mmr,"Maternal Mortality Ratio (deaths per 100,000 live births)",GII,Gender Inequality Index,12.579,2017
CAN,Canada,mmr,"Maternal Mortality Ratio (deaths per 100,000 live births)",GII,Gender Inequality Index,11.001,2018
CAN,Canada,mmr,"Maternal Mortality Ratio (deaths per 100,000 live births)",GII,Gender Inequality Index,11.156,2019
CAN,Canada,mmr,"Maternal Mortality Ratio (deaths per 100,000 live births)",GII,Gender Inequality Index,11.013,2020
CAN,Canada,mmr,"Maternal Mortality Ratio (deaths per 100,000 live births)",GII,Gender Inequality Index,11.013,2021
CAN,Canada,mmr,"Maternal Mortality Ratio (deaths per 100,000 live births)",GII,Gender Inequality Index,11.013,2022
CAN,Canada,mys,Mean Years of Schooling (years),HDI,Human Development Index,10.750,1990
CAN,Canada,mys,Mean Years of Schooling (years),HDI,Human Development Index,10.921,1991
CAN,Canada,mys,Mean Years of Schooling (years),HDI,Human Development Index,11.095,1992
CAN,Canada,mys,Mean Years of Schooling (years),HDI,Human Development Index,11.268,1993
CAN,Canada,mys,Mean Years of Schooling (years),HDI,Human Development Index,11.442,1994
CAN,Canada,mys,Mean Years of Schooling (years),HDI,Human Development Index,11.615,1995
CAN,Canada,mys,Mean Years of Schooling (years),HDI,Human Development Index,11.789,1996
CAN,Canada,mys,Mean Years of Schooling (years),HDI,Human Development Index,11.963,1997
CAN,Canada,mys,Mean Years of Schooling (years),HDI,Human Development Index,12.136,1998
CAN,Canada,mys,Mean Years of Schooling (years),HDI,Human Development Index,12.310,1999
CAN,Canada,mys,Mean Years of Schooling (years),HDI,Human Development Index,12.484,2000
CAN,Canada,mys,Mean Years of Schooling (years),HDI,Human Development Index,12.657,2001
CAN,Canada,mys,Mean Years of Schooling (years),HDI,Human Development Index,12.789,2002
CAN,Canada,mys,Mean Years of Schooling (years),HDI,Human Development Index,12.922,2003
CAN,Canada,mys,Mean Years of Schooling (years),HDI,Human Development Index,13.054,2004
CAN,Canada,mys,Mean Years of Schooling (years),HDI,Human Development Index,13.186,2005
CAN,Canada,mys,Mean Years of Schooling (years),HDI,Human Development Index,13.318,2006
CAN,Canada,mys,Mean Years of Schooling (years),HDI,Human Development Index,13.367,2007
CAN,Canada,mys,Mean Years of Schooling (years),HDI,Human Development Index,13.416,2008
CAN,Canada,mys,Mean Years of Schooling (years),HDI,Human Development Index,13.465,2009
CAN,Canada,mys,Mean Years of Schooling (years),HDI,Human Development Index,13.514,2010
CAN,Canada,mys,Mean Years of Schooling (years),HDI,Human Development Index,13.563,2011
CAN,Canada,mys,Mean Years of Schooling (years),HDI,Human Development Index,13.597,2012
CAN,Canada,mys,Mean Years of Schooling (years),HDI,Human Development Index,13.630,2013
CAN,Canada,mys,Mean Years of Schooling (years),HDI,Human Development Index,13.664,2014
CAN,Canada,mys,Mean Years of Schooling (years),HDI,Human Development Index,13.698,2015
CAN,Canada,mys,Mean Years of Schooling (years),HDI,Human Development Index,13.732,2016
CAN,Canada,mys,Mean Years of Schooling (years),HDI,Human Development Index,13.766,2017
CAN,Canada,mys,Mean Years of Schooling (years),HDI,Human Development Index,13.800,2018
CAN,Canada,mys,Mean Years of Schooling (years),HDI,Human Development Index,13.834,2019
CAN,Canada,mys,Mean Years of Schooling (years),HDI,Human Development Index,13.869,2020
CAN,Canada,mys,Mean Years of Schooling (years),HDI,Human Development Index,13.869,2021
CAN,Canada,mys,Mean Years of Schooling (years),HDI,Human Development Index,13.869,2022
CAN,Canada,mys_f,"Mean Years of Schooling, female (years)",GDI,Gender Development Index,10.588,1990
CAN,Canada,mys_f,"Mean Years of Schooling, female (years)",GDI,Gender Development Index,10.770,1991
CAN,Canada,mys_f,"Mean Years of Schooling, female (years)",GDI,Gender Development Index,10.956,1992
CAN,Canada,mys_f,"Mean Years of Schooling, female (years)",GDI,Gender Development Index,11.141,1993
CAN,Canada,mys_f,"Mean Years of Schooling, female (years)",GDI,Gender Development Index,11.327,1994
CAN,Canada,mys_f,"Mean Years of Schooling, female (years)",GDI,Gender Development Index,11.513,1995
CAN,Canada,mys_f,"Mean Years of Schooling, female (years)",GDI,Gender Development Index,11.698,1996
CAN,Canada,mys_f,"Mean Years of Schooling, female (years)",GDI,Gender Development Index,11.884,1997
CAN,Canada,mys_f,"Mean Years of Schooling, female (years)",GDI,Gender Development Index,12.069,1998
CAN,Canada,mys_f,"Mean Years of Schooling, female (years)",GDI,Gender Development Index,12.255,1999
CAN,Canada,mys_f,"Mean Years of Schooling, female (years)",GDI,Gender Development Index,12.440,2000
CAN,Canada,mys_f,"Mean Years of Schooling, female (years)",GDI,Gender Development Index,12.626,2001
CAN,Canada,mys_f,"Mean Years of Schooling, female (years)",GDI,Gender Development Index,12.756,2002
CAN,Canada,mys_f,"Mean Years of Schooling, female (years)",GDI,Gender Development Index,12.885,2003
CAN,Canada,mys_f,"Mean Years of Schooling, female (years)",GDI,Gender Development Index,13.015,2004
CAN,Canada,mys_f,"Mean Years of Schooling, female (years)",GDI,Gender Development Index,13.145,2005
CAN,Canada,mys_f,"Mean Years of Schooling, female (years)",GDI,Gender Development Index,13.274,2006
CAN,Canada,mys_f,"Mean Years of Schooling, female (years)",GDI,Gender Development Index,13.331,2007
CAN,Canada,mys_f,"Mean Years of Schooling, female (years)",GDI,Gender Development Index,13.388,2008
CAN,Canada,mys_f,"Mean Years of Schooling, female (years)",GDI,Gender Development Index,13.444,2009
CAN,Canada,mys_f,"Mean Years of Schooling, female (years)",GDI,Gender Development Index,13.501,2010
CAN,Canada,mys_f,"Mean Years of Schooling, female (years)",GDI,Gender Development Index,13.558,2011
CAN,Canada,mys_f,"Mean Years of Schooling, female (years)",GDI,Gender Development Index,13.602,2012
CAN,Canada,mys_f,"Mean Years of Schooling, female (years)",GDI,Gender Development Index,13.646,2013
CAN,Canada,mys_f,"Mean Years of Schooling, female (years)",GDI,Gender Development Index,13.691,2014
CAN,Canada,mys_f,"Mean Years of Schooling, female (years)",GDI,Gender Development Index,13.735,2015
CAN,Canada,mys_f,"Mean Years of Schooling, female (years)",GDI,Gender Development Index,13.780,2016
CAN,Canada,mys_f,"Mean Years of Schooling, female (years)",GDI,Gender Development Index,13.825,2017
CAN,Canada,mys_f,"Mean Years of Schooling, female (years)",GDI,Gender Development Index,13.870,2018
CAN,Canada,mys_f,"Mean Years of Schooling, female (years)",GDI,Gender Development Index,13.915,2019
CAN,Canada,mys_f,"Mean Years of Schooling, female (years)",GDI,Gender Development Index,13.960,2020
CAN,Canada,mys_f,"Mean Years of Schooling, female (years)",GDI,Gender Development Index,13.960,2021
CAN,Canada,mys_f,"Mean Years of Schooling, female (years)",GDI,Gender Development Index,13.960,2022
CAN,Canada,mys_m,"Mean Years of Schooling, male (years)",GDI,Gender Development Index,10.931,1990
CAN,Canada,mys_m,"Mean Years of Schooling, male (years)",GDI,Gender Development Index,11.091,1991
CAN,Canada,mys_m,"Mean Years of Schooling, male (years)",GDI,Gender Development Index,11.254,1992
CAN,Canada,mys_m,"Mean Years of Schooling, male (years)",GDI,Gender Development Index,11.417,1993
CAN,Canada,mys_m,"Mean Years of Schooling, male (years)",GDI,Gender Development Index,11.580,1994
CAN,Canada,mys_m,"Mean Years of Schooling, male (years)",GDI,Gender Development Index,11.743,1995
CAN,Canada,mys_m,"Mean Years of Schooling, male (years)",GDI,Gender Development Index,11.906,1996
CAN,Canada,mys_m,"Mean Years of Schooling, male (years)",GDI,Gender Development Index,12.068,1997
CAN,Canada,mys_m,"Mean Years of Schooling, male (years)",GDI,Gender Development Index,12.231,1998
CAN,Canada,mys_m,"Mean Years of Schooling, male (years)",GDI,Gender Development Index,12.394,1999
CAN,Canada,mys_m,"Mean Years of Schooling, male (years)",GDI,Gender Development Index,12.557,2000
CAN,Canada,mys_m,"Mean Years of Schooling, male (years)",GDI,Gender Development Index,12.720,2001
CAN,Canada,mys_m,"Mean Years of Schooling, male (years)",GDI,Gender Development Index,12.850,2002
CAN,Canada,mys_m,"Mean Years of Schooling, male (years)",GDI,Gender Development Index,12.979,2003
CAN,Canada,mys_m,"Mean Years of Schooling, male (years)",GDI,Gender Development Index,13.109,2004
CAN,Canada,mys_m,"Mean Years of Schooling, male (years)",GDI,Gender Development Index,13.239,2005
CAN,Canada,mys_m,"Mean Years of Schooling, male (years)",GDI,Gender Development Index,13.368,2006
CAN,Canada,mys_m,"Mean Years of Schooling, male (years)",GDI,Gender Development Index,13.409,2007
CAN,Canada,mys_m,"Mean Years of Schooling, male (years)",GDI,Gender Development Index,13.449,2008
CAN,Canada,mys_m,"Mean Years of Schooling, male (years)",GDI,Gender Development Index,13.489,2009
CAN,Canada,mys_m,"Mean Years of Schooling, male (years)",GDI,Gender Development Index,13.530,2010
CAN,Canada,mys_m,"Mean Years of Schooling, male (years)",GDI,Gender Development Index,13.570,2011
CAN,Canada,mys_m,"Mean Years of Schooling, male (years)",GDI,Gender Development Index,13.592,2012
CAN,Canada,mys_m,"Mean Years of Schooling, male (years)",GDI,Gender Development Index,13.614,2013
CAN,Canada,mys_m,"Mean Years of Schooling, male (years)",GDI,Gender Development Index,13.637,2014
CAN,Canada,mys_m,"Mean Years of Schooling, male (years)",GDI,Gender Development Index,13.659,2015
CAN,Canada,mys_m,"Mean Years of Schooling, male (years)",GDI,Gender Development Index,13.681,2016
CAN,Canada,mys_m,"Mean Years of Schooling, male (years)",GDI,Gender Development Index,13.703,2017
CAN,Canada,mys_m,"Mean Years of Schooling, male (years)",GDI,Gender Development Index,13.725,2018
CAN,Canada,mys_m,"Mean Years of Schooling, male (years)",GDI,Gender Development Index,13.748,2019
CAN,Canada,mys_m,"Mean Years of Schooling, male (years)",GDI,Gender Development Index,13.770,2020
CAN,Canada,mys_m,"Mean Years of Schooling, male (years)",GDI,Gender Development Index,13.770,2021
CAN,Canada,mys_m,"Mean Years of Schooling, male (years)",GDI,Gender Development Index,13.770,2022
CAN,Canada,pr_f,"Share of seats in parliament, female (% held by women)",GII,Gender Inequality Index,21.235,1990
CAN,Canada,pr_f,"Share of seats in parliament, female (% held by women)",GII,Gender Inequality Index,21.235,1991
CAN,Canada,pr_f,"Share of seats in parliament, female (% held by women)",GII,Gender Inequality Index,21.235,1992
CAN,Canada,pr_f,"Share of seats in parliament, female (% held by women)",GII,Gender Inequality Index,21.235,1993
CAN,Canada,pr_f,"Share of seats in parliament, female (% held by women)",GII,Gender Inequality Index,21.235,1994
CAN,Canada,pr_f,"Share of seats in parliament, female (% held by women)",GII,Gender Inequality Index,21.235,1995
CAN,Canada,pr_f,"Share of seats in parliament, female (% held by women)",GII,Gender Inequality Index,21.235,1996
CAN,Canada,pr_f,"Share of seats in parliament, female (% held by women)",GII,Gender Inequality Index,21.235,1997
CAN,Canada,pr_f,"Share of seats in parliament, female (% held by women)",GII,Gender Inequality Index,22.693,1998
CAN,Canada,pr_f,"Share of seats in parliament, female (% held by women)",GII,Gender Inequality Index,23.153,1999
CAN,Canada,pr_f,"Share of seats in parliament, female (% held by women)",GII,Gender Inequality Index,23.153,2000
CAN,Canada,pr_f,"Share of seats in parliament, female (% held by women)",GII,Gender Inequality Index,23.645,2001
CAN,Canada,pr_f,"Share of seats in parliament, female (% held by women)",GII,Gender Inequality Index,23.645,2002
CAN,Canada,pr_f,"Share of seats in parliament, female (% held by women)",GII,Gender Inequality Index,23.645,2003
CAN,Canada,pr_f,"Share of seats in parliament, female (% held by women)",GII,Gender Inequality Index,24.623,2004
CAN,Canada,pr_f,"Share of seats in parliament, female (% held by women)",GII,Gender Inequality Index,24.685,2005
CAN,Canada,pr_f,"Share of seats in parliament, female (% held by women)",GII,Gender Inequality Index,24.265,2006
CAN,Canada,pr_f,"Share of seats in parliament, female (% held by women)",GII,Gender Inequality Index,24.372,2007
CAN,Canada,pr_f,"Share of seats in parliament, female (% held by women)",GII,Gender Inequality Index,24.938,2008
CAN,Canada,pr_f,"Share of seats in parliament, female (% held by women)",GII,Gender Inequality Index,24.938,2009
CAN,Canada,pr_f,"Share of seats in parliament, female (% held by women)",GII,Gender Inequality Index,24.938,2010
CAN,Canada,pr_f,"Share of seats in parliament, female (% held by women)",GII,Gender Inequality Index,27.654,2011
CAN,Canada,pr_f,"Share of seats in parliament, female (% held by women)",GII,Gender Inequality Index,27.981,2012
CAN,Canada,pr_f,"Share of seats in parliament, female (% held by women)",GII,Gender Inequality Index,27.981,2013
CAN,Canada,pr_f,"Share of seats in parliament, female (% held by women)",GII,Gender Inequality Index,28.536,2014
CAN,Canada,pr_f,"Share of seats in parliament, female (% held by women)",GII,Gender Inequality Index,28.266,2015
CAN,Canada,pr_f,"Share of seats in parliament, female (% held by women)",GII,Gender Inequality Index,29.773,2016
CAN,Canada,pr_f,"Share of seats in parliament, female (% held by women)",GII,Gender Inequality Index,30.115,2017
CAN,Canada,pr_f,"Share of seats in parliament, female (% held by women)",GII,Gender Inequality Index,31.663,2018
CAN,Canada,pr_f,"Share of seats in parliament, female (% held by women)",GII,Gender Inequality Index,33.183,2019
CAN,Canada,pr_f,"Share of seats in parliament, female (% held by women)",GII,Gender Inequality Index,33.641,2020
CAN,Canada,pr_f,"Share of seats in parliament, female (% held by women)",GII,Gender Inequality Index,34.419,2021
CAN,Canada,pr_f,"Share of seats in parliament, female (% held by women)",GII,Gender Inequality Index,35.035,2022
CAN,Canada,pr_m,"Share of seats in parliament, male (% held by men)",GII,Gender Inequality Index,78.765,1990
CAN,Canada,pr_m,"Share of seats in parliament, male (% held by men)",GII,Gender Inequality Index,78.765,1991
CAN,Canada,pr_m,"Share of seats in parliament, male (% held by men)",GII,Gender Inequality Index,78.765,1992
CAN,Canada,pr_m,"Share of seats in parliament, male (% held by men)",GII,Gender Inequality Index,78.765,1993
CAN,Canada,pr_m,"Share of seats in parliament, male (% held by men)",GII,Gender Inequality Index,78.765,1994
CAN,Canada,pr_m,"Share of seats in parliament, male (% held by men)",GII,Gender Inequality Index,78.765,1995
CAN,Canada,pr_m,"Share of seats in parliament, male (% held by men)",GII,Gender Inequality Index,78.765,1996
CAN,Canada,pr_m,"Share of seats in parliament, male (% held by men)",GII,Gender Inequality Index,78.765,1997
CAN,Canada,pr_m,"Share of seats in parliament, male (% held by men)",GII,Gender Inequality Index,77.307,1998
CAN,Canada,pr_m,"Share of seats in parliament, male (% held by men)",GII,Gender Inequality Index,76.847,1999
CAN,Canada,pr_m,"Share of seats in parliament, male (% held by men)",GII,Gender Inequality Index,76.847,2000
CAN,Canada,pr_m,"Share of seats in parliament, male (% held by men)",GII,Gender Inequality Index,76.355,2001
CAN,Canada,pr_m,"Share of seats in parliament, male (% held by men)",GII,Gender Inequality Index,76.355,2002
CAN,Canada,pr_m,"Share of seats in parliament, male (% held by men)",GII,Gender Inequality Index,76.355,2003
CAN,Canada,pr_m,"Share of seats in parliament, male (% held by men)",GII,Gender Inequality Index,75.377,2004
CAN,Canada,pr_m,"Share of seats in parliament, male (% held by men)",GII,Gender Inequality Index,75.315,2005
CAN,Canada,pr_m,"Share of seats in parliament, male (% held by men)",GII,Gender Inequality Index,75.735,2006
CAN,Canada,pr_m,"Share of seats in parliament, male (% held by men)",GII,Gender Inequality Index,75.628,2007
CAN,Canada,pr_m,"Share of seats in parliament, male (% held by men)",GII,Gender Inequality Index,75.062,2008
CAN,Canada,pr_m,"Share of seats in parliament, male (% held by men)",GII,Gender Inequality Index,75.062,2009
CAN,Canada,pr_m,"Share of seats in parliament, male (% held by men)",GII,Gender Inequality Index,75.062,2010
CAN,Canada,pr_m,"Share of seats in parliament, male (% held by men)",GII,Gender Inequality Index,72.346,2011
CAN,Canada,pr_m,"Share of seats in parliament, male (% held by men)",GII,Gender Inequality Index,72.019,2012
CAN,Canada,pr_m,"Share of seats in parliament, male (% held by men)",GII,Gender Inequality Index,72.019,2013
CAN,Canada,pr_m,"Share of seats in parliament, male (% held by men)",GII,Gender Inequality Index,71.464,2014
CAN,Canada,pr_m,"Share of seats in parliament, male (% held by men)",GII,Gender Inequality Index,71.734,2015
CAN,Canada,pr_m,"Share of seats in parliament, male (% held by men)",GII,Gender Inequality Index,70.227,2016
CAN,Canada,pr_m,"Share of seats in parliament, male (% held by men)",GII,Gender Inequality Index,69.885,2017
CAN,Canada,pr_m,"Share of seats in parliament, male (% held by men)",GII,Gender Inequality Index,68.337,2018
CAN,Canada,pr_m,"Share of seats in parliament, male (% held by men)",GII,Gender Inequality Index,66.817,2019
CAN,Canada,pr_m,"Share of seats in parliament, male (% held by men)",GII,Gender Inequality Index,66.359,2020
CAN,Canada,pr_m,"Share of seats in parliament, male (% held by men)",GII,Gender Inequality Index,65.581,2021
CAN,Canada,pr_m,"Share of seats in parliament, male (% held by men)",GII,Gender Inequality Index,64.965,2022
CAN,Canada,rankdiff_hdi_phdi,Difference from HDI rank,PHDI,Planetary pressures–adjusted Human Development Index,-40,2022
CAN,Canada,se_f,"Population with at least some secondary education, female (% ages 25 and older)",GII,Gender Inequality Index,82.875,1990
CAN,Canada,se_f,"Population with at least some secondary education, female (% ages 25 and older)",GII,Gender Inequality Index,83.346,1991
CAN,Canada,se_f,"Population with at least some secondary education, female (% ages 25 and older)",GII,Gender Inequality Index,83.818,1992
CAN,Canada,se_f,"Population with at least some secondary education, female (% ages 25 and older)",GII,Gender Inequality Index,84.289,1993
CAN,Canada,se_f,"Population with at least some secondary education, female (% ages 25 and older)",GII,Gender Inequality Index,84.761,1994
CAN,Canada,se_f,"Population with at least some secondary education, female (% ages 25 and older)",GII,Gender Inequality Index,85.232,1995
CAN,Canada,se_f,"Population with at least some secondary education, female (% ages 25 and older)",GII,Gender Inequality Index,85.725,1996
CAN,Canada,se_f,"Population with at least some secondary education, female (% ages 25 and older)",GII,Gender Inequality Index,86.219,1997
CAN,Canada,se_f,"Population with at least some secondary education, female (% ages 25 and older)",GII,Gender Inequality Index,86.712,1998
CAN,Canada,se_f,"Population with at least some secondary education, female (% ages 25 and older)",GII,Gender Inequality Index,87.205,1999
CAN,Canada,se_f,"Population with at least some secondary education, female (% ages 25 and older)",GII,Gender Inequality Index,87.699,2000
CAN,Canada,se_f,"Population with at least some secondary education, female (% ages 25 and older)",GII,Gender Inequality Index,88.458,2001
CAN,Canada,se_f,"Population with at least some secondary education, female (% ages 25 and older)",GII,Gender Inequality Index,89.218,2002
CAN,Canada,se_f,"Population with at least some secondary education, female (% ages 25 and older)",GII,Gender Inequality Index,89.978,2003
CAN,Canada,se_f,"Population with at least some secondary education, female (% ages 25 and older)",GII,Gender Inequality Index,90.738,2004
CAN,Canada,se_f,"Population with at least some secondary education, female (% ages 25 and older)",GII,Gender Inequality Index,91.498,2005
CAN,Canada,se_f,"Population with at least some secondary education, female (% ages 25 and older)",GII,Gender Inequality Index,91.870,2006
CAN,Canada,se_f,"Population with at least some secondary education, female (% ages 25 and older)",GII,Gender Inequality Index,92.242,2007
CAN,Canada,se_f,"Population with at least some secondary education, female (% ages 25 and older)",GII,Gender Inequality Index,92.614,2008
CAN,Canada,se_f,"Population with at least some secondary education, female (% ages 25 and older)",GII,Gender Inequality Index,92.986,2009
CAN,Canada,se_f,"Population with at least some secondary education, female (% ages 25 and older)",GII,Gender Inequality Index,93.358,2010
CAN,Canada,se_f,"Population with at least some secondary education, female (% ages 25 and older)",GII,Gender Inequality Index,94.179,2011
CAN,Canada,se_f,"Population with at least some secondary education, female (% ages 25 and older)",GII,Gender Inequality Index,95.000,2012
CAN,Canada,se_f,"Population with at least some secondary education, female (% ages 25 and older)",GII,Gender Inequality Index,95.822,2013
CAN,Canada,se_f,"Population with at least some secondary education, female (% ages 25 and older)",GII,Gender Inequality Index,96.643,2014
CAN,Canada,se_f,"Population with at least some secondary education, female (% ages 25 and older)",GII,Gender Inequality Index,97.465,2015
CAN,Canada,se_f,"Population with at least some secondary education, female (% ages 25 and older)",GII,Gender Inequality Index,97.525,2016
CAN,Canada,se_f,"Population with at least some secondary education, female (% ages 25 and older)",GII,Gender Inequality Index,97.584,2017
CAN,Canada,se_f,"Population with at least some secondary education, female (% ages 25 and older)",GII,Gender Inequality Index,97.644,2018
CAN,Canada,se_f,"Population with at least some secondary education, female (% ages 25 and older)",GII,Gender Inequality Index,97.704,2019
CAN,Canada,se_f,"Population with at least some secondary education, female (% ages 25 and older)",GII,Gender Inequality Index,97.763,2020
CAN,Canada,se_f,"Population with at least some secondary education, female (% ages 25 and older)",GII,Gender Inequality Index,97.763,2021
CAN,Canada,se_f,"Population with at least some secondary education, female (% ages 25 and older)",GII,Gender Inequality Index,97.763,2022
CAN,Canada,se_m,"Population with at least some secondary education, male (% ages 25 and older)",GII,Gender Inequality Index,83.344,1990
CAN,Canada,se_m,"Population with at least some secondary education, male (% ages 25 and older)",GII,Gender Inequality Index,83.913,1991
CAN,Canada,se_m,"Population with at least some secondary education, male (% ages 25 and older)",GII,Gender Inequality Index,84.482,1992
CAN,Canada,se_m,"Population with at least some secondary education, male (% ages 25 and older)",GII,Gender Inequality Index,85.051,1993
CAN,Canada,se_m,"Population with at least some secondary education, male (% ages 25 and older)",GII,Gender Inequality Index,85.619,1994
CAN,Canada,se_m,"Population with at least some secondary education, male (% ages 25 and older)",GII,Gender Inequality Index,86.188,1995
CAN,Canada,se_m,"Population with at least some secondary education, male (% ages 25 and older)",GII,Gender Inequality Index,86.665,1996
CAN,Canada,se_m,"Population with at least some secondary education, male (% ages 25 and older)",GII,Gender Inequality Index,87.142,1997
CAN,Canada,se_m,"Population with at least some secondary education, male (% ages 25 and older)",GII,Gender Inequality Index,87.619,1998
CAN,Canada,se_m,"Population with at least some secondary education, male (% ages 25 and older)",GII,Gender Inequality Index,88.096,1999
CAN,Canada,se_m,"Population with at least some secondary education, male (% ages 25 and older)",GII,Gender Inequality Index,88.573,2000
CAN,Canada,se_m,"Population with at least some secondary education, male (% ages 25 and older)",GII,Gender Inequality Index,89.272,2001
CAN,Canada,se_m,"Population with at least some secondary education, male (% ages 25 and older)",GII,Gender Inequality Index,89.970,2002
CAN,Canada,se_m,"Population with at least some secondary education, male (% ages 25 and older)",GII,Gender Inequality Index,90.669,2003
CAN,Canada,se_m,"Population with at least some secondary education, male (% ages 25 and older)",GII,Gender Inequality Index,91.367,2004
CAN,Canada,se_m,"Population with at least some secondary education, male (% ages 25 and older)",GII,Gender Inequality Index,92.066,2005
CAN,Canada,se_m,"Population with at least some secondary education, male (% ages 25 and older)",GII,Gender Inequality Index,92.419,2006
CAN,Canada,se_m,"Population with at least some secondary education, male (% ages 25 and older)",GII,Gender Inequality Index,92.772,2007
CAN,Canada,se_m,"Population with at least some secondary education, male (% ages 25 and older)",GII,Gender Inequality Index,93.125,2008
CAN,Canada,se_m,"Population with at least some secondary education, male (% ages 25 and older)",GII,Gender Inequality Index,93.479,2009
CAN,Canada,se_m,"Population with at least some secondary education, male (% ages 25 and older)",GII,Gender Inequality Index,93.832,2010
CAN,Canada,se_m,"Population with at least some secondary education, male (% ages 25 and older)",GII,Gender Inequality Index,94.505,2011
CAN,Canada,se_m,"Population with at least some secondary education, male (% ages 25 and older)",GII,Gender Inequality Index,95.177,2012
CAN,Canada,se_m,"Population with at least some secondary education, male (% ages 25 and older)",GII,Gender Inequality Index,95.907,2013
CAN,Canada,se_m,"Population with at least some secondary education, male (% ages 25 and older)",GII,Gender Inequality Index,96.522,2014
CAN,Canada,se_m,"Population with at least some secondary education, male (% ages 25 and older)",GII,Gender Inequality Index,97.195,2015
CAN,Canada,se_m,"Population with at least some secondary education, male (% ages 25 and older)",GII,Gender Inequality Index,97.275,2016
CAN,Canada,se_m,"Population with at least some secondary education, male (% ages 25 and older)",GII,Gender Inequality Index,97.355,2017
CAN,Canada,se_m,"Population with at least some secondary education, male (% ages 25 and older)",GII,Gender Inequality Index,97.434,2018
CAN,Canada,se_m,"Population with at least some secondary education, male (% ages 25 and older)",GII,Gender Inequality Index,97.514,2019
CAN,Canada,se_m,"Population with at least some secondary education, male (% ages 25 and older)",GII,Gender Inequality Index,97.594,2020
CAN,Canada,se_m,"Population with at least some secondary education, male (% ages 25 and older)",GII,Gender Inequality Index,97.594,2021
CAN,Canada,se_m,"Population with at least some secondary education, male (% ages 25 and older)",GII,Gender Inequality Index,97.594,2022
